Year,Road_width,Location_Access,Governmentrate,Inflation_rate,Commercial-rate,Area,Earthen,Pitch,Goreto,Gravelled,paved,Commercial,Residential,Kathmandu,Lalitpur,Places
4.166666667,8.202099738,1.7,8,0.067,35,5.5,0,1,0,0,0,1,0,0,1,Lalitpur
4.166666667,8.202099738,1.7,8,0.067,35,3.5,0,1,0,0,0,1,0,0,1,Lalitpur
5.166666667,5.905511811,0.5,7,0.067,35,6.81,0,1,0,0,0,1,0,0,1,Lalitpur
2.916666667,9.514435696,1,3.75,0.067,15,1.14,0,1,0,0,0,1,0,1,0,Kathmandu
3.333333333,5,1.05,2.5,0.0721,7.05,2.75,0,1,0,0,0,1,0,1,0,Kathmandu
1.666666667,2,1.05,12,0.0987,25,9.1875,0,1,0,0,0,1,0,1,0,Kathmandu
2.333333333,2,1.05,12,0.0904,20,3.5,0,0,1,0,0,1,0,1,0,Kathmandu
2.416666667,7.874015748,1.05,12,0.0904,18,5.44,0,1,0,0,0,1,0,1,0,Kathmandu
1.666666667,2,1.05,10,0.0987,30,3.25,0,0,1,0,0,1,0,1,0,Kathmandu
2.5,3,1,8.6,0.067,50,12.81,0,1,0,0,0,1,0,1,0,Kathmandu
1.75,7.217847769,1.05,8,0.0987,40,150,0,1,0,0,0,1,0,1,0,Kathmandu
1.666666667,1.312335958,1.05,7,0.0987,35,8,0,0,1,0,0,1,0,1,0,Kathmandu
2.333333333,4.921259843,1.05,7,0.0904,20,4,0,1,0,0,0,1,0,1,0,Kathmandu
2.75,2,1.05,7,0.0904,31,186,0,1,0,0,0,1,0,1,0,Kathmandu
2.416666667,1.968503937,1.5,6,0.067,8,3.75,0,0,1,0,0,1,0,1,0,Kathmandu
2.666666667,3.280839895,0.5,4.625,0.0904,15,21.5,0,0,0,0,0,1,0,1,0,Kathmandu
2.416666667,3.280839895,6.5,4.1875,0.067,15,7.5,0,1,0,0,0,1,0,0,1,Lalitpur
3.416666667,3.280839895,6.51,4.1875,0.067,15,0.75,0,1,0,0,0,1,0,0,1,Lalitpur
2.666666667,3.280839895,0.5,3,0.0904,23,90,1,0,0,0,0,1,0,1,0,Kathmandu
2.666666667,3.280839895,0.5,3,0.0904,15,32.5,1,0,0,0,0,1,0,1,0,Kathmandu
1.833333333,2.952755906,1.05,1,0.0987,4,8,0,1,0,0,0,1,0,1,0,Kathmandu
1.833333333,2.952755906,1.05,0.78,0.0987,3,8,0,0,1,0,0,1,0,1,0,Kathmandu
1.833333333,10.49868766,1.05,0.52,0.0987,7,10,0,1,0,0,0,1,0,1,0,Kathmandu
1.333333333,1.312335958,0.5,2.75,0.0987,6,2.054375,0,0,1,0,0,0,1,1,0,Kathmandu
3.75,11.81102362,1.25,30,0.067,80,49.7,0,1,0,0,0,1,0,1,0,Kathmandu
3.75,11.81102362,1.25,30,0.067,100,30,0,1,0,0,0,1,0,1,0,Kathmandu
3.25,20.34120735,1.05,28,0.067,60,34.25,0,1,0,0,0,1,0,1,0,Kathmandu
1.916666667,23.67454068,0.7,22,0.0987,100,17.05,0,1,0,0,0,1,0,1,0,Kathmandu
1.916666667,23.67454068,0.7,22,0.0987,99.99633445,17.050625,0,1,0,0,0,1,0,1,0,Kathmandu
4.083333333,17.21784777,1.05,14,0.067,40,34.68,0,1,0,0,0,1,0,1,0,Kathmandu
1.916666667,23.67454068,5,26,0.0987,99.95913363,12.235,0,1,0,0,0,1,0,1,0,Kathmandu
3.25,20.34120735,1.05,28,0.067,40,30,0,1,0,0,0,1,0,1,0,Kathmandu
3.583333333,20.34120735,1.05,32,0.067,80,12.25,0,1,0,0,0,1,0,1,0,Kathmandu
2.833333333,25,0.25,40,0.0904,125,6.45,1,0,0,0,0,1,0,1,0,Kathmandu
3.5,3.280839895,1.05,5,0.067,8,100.3125,1,0,0,0,0,1,0,1,0,Kathmandu
4.083333333,17.21784777,1.05,14,0.067,40,19.975,0,1,0,0,0,0,1,1,0,Kathmandu
4,3.937007874,2,24,0.067,155,4.3125,0,0,1,0,0,0,1,1,0,Kathmandu
3.5,3.280839895,4,11,0.067,20,29.675,0,0,1,0,0,1,0,1,0,Kathmandu
3.583333333,20.34120735,1.05,25,0.067,45,13.125,0,1,0,0,0,1,0,1,0,Kathmandu
3.5,3.280839895,1.05,5,0.067,8,70.0625,1,0,0,0,0,1,0,1,0,Kathmandu
2.916666667,3.937007874,1,1.5,0.067,10,54,1,0,0,0,0,1,0,1,0,Kathmandu
3.5,3.280839895,1.05,5,0.067,8,64,1,0,0,0,0,1,0,1,0,Kathmandu
1.916666667,3.937007874,0.7,10,0.0987,45,11.34,0,0,0,1,0,1,0,1,0,Kathmandu
1.916666667,3.937007874,0.7,10,0.0987,45.01488588,11.33625,0,0,0,1,0,1,0,1,0,Kathmandu
4.333333333,13.12335958,1.05,26,0.067,40,12.6875,0,1,0,0,0,1,0,1,0,Kathmandu
4.166666667,19.68503937,2,11,0.067,15,33.75,0,1,0,0,0,1,0,0,0,Bhaktapur
3.5,3.280839895,1.05,5,0.067,8,62.975,1,0,0,0,0,1,0,1,0,Kathmandu
3.5,3.280839895,1.05,5,0.067,8,62.8125,1,0,0,0,0,1,0,1,0,Kathmandu
3.083333333,5.249343832,3,3.3,0.0721,16,30.7,0,1,0,0,0,1,0,0,0,Bhaktapur
3.75,7.217847769,1.05,5,0.067,12,40.4375,0,1,0,0,0,1,0,0,1,Lalitpur
4.166666667,19.68503937,2,11,0.067,20,24,0,1,0,0,0,1,0,0,0,Bhaktapur
3.5,3.280839895,1.05,5,0.067,8,59.9375,1,0,0,0,0,1,0,1,0,Kathmandu
3.5,3.280839895,1.05,5,0.067,8,59.3125,1,0,0,0,0,1,0,1,0,Kathmandu
3.5,3.280839895,1.05,5,0.067,8,55.75,1,0,0,0,0,1,0,1,0,Kathmandu
3.083333333,6.56167979,3,4,0.0721,15,27.96,0,1,0,0,0,0,1,1,0,Kathmandu
2.833333333,23.67454068,0.2,30,0.0904,90,4.57,0,1,0,0,0,1,0,1,0,Kathmandu
3.666666667,7.217847769,3,18,0.067,30,13.5,0,1,0,0,0,1,0,1,0,Kathmandu
3.75,15,1.05,5.4,0.067,20,20.25,0,1,0,0,0,1,0,0,1,Lalitpur
4.166666667,19.68503937,2,11,0.067,25,16,0,1,0,0,0,1,0,0,0,Bhaktapur
1.75,6.456692913,,12,0.0987,24.97514416,15.715625,0,1,0,0,0,1,0,1,0,Kathmandu
3.5,3.280839895,1.05,5,0.0721,8,47.375,1,0,0,0,0,1,0,1,0,Kathmandu
2.916666667,5.905511811,1,1.5,0.067,15,25.06125,0,1,0,0,0,1,0,1,0,Kathmandu
5.166666667,15.0656168,0.2,4.5,0.067,8.5,43.85,1,0,0,0,0,0,1,1,0,Kathmandu
4.333333333,9.842519685,0.2,14,0.067,50,7.375,0,0,1,0,0,1,0,1,0,Kathmandu
3,3.937007874,1.5,2,0.067,5,73.009,1,0,0,0,0,1,0,0,1,Lalitpur
2.166666667,5.905511811,5,11,0.0904,24,15,0,1,0,0,0,1,0,1,0,Kathmandu
3.5,3.280839895,1.05,5,0.067,8,45,1,0,0,0,0,1,0,1,0,Kathmandu
3.5,3.280839895,1.05,5,0.067,8,44.8125,1,0,0,0,0,1,0,1,0,Kathmandu
3.75,4.304461942,0.6,12,0.0721,35.5,9.94,1,0,0,0,0,1,0,1,0,Kathmandu
4.166666667,21.65354331,4,8,0.067,50,7,0,1,0,0,0,1,0,0,1,Lalitpur
3.5,3.280839895,1.05,5,0.067,8,43.6825,1,0,0,0,0,1,0,1,0,Kathmandu
3.5,3.280839895,1.05,5,0.067,8,42.25,1,0,0,0,0,1,0,1,0,Kathmandu
2.916666667,8.530183727,7,6.875,0.067,35,9.625,0,1,0,0,0,1,0,0,1,Lalitpur
5.166666667,4.304461942,2,6,0.067,11,29.44,1,0,0,0,0,0,1,1,0,Kathmandu
3.166666667,6.456692913,15,5,0.0721,8,40.1,0,0,0,1,0,0,1,1,0,Kathmandu
2.166666667,3.280839895,0.2,11,0.0904,30,10,0,0,1,0,0,1,0,1,0,Kathmandu
2.5,6.56167979,0.5,8,0.0904,15,20,0,1,0,0,0,1,0,1,0,Kathmandu
4.083333333,17.21784777,1.05,14,0.067,40,7.3125,0,1,0,0,0,1,0,1,0,Kathmandu
5.083333333,15.0656168,11,28,0.067,32,9.04,0,1,0,0,0,1,0,1,0,Kathmandu
1.916666667,21.65354331,5,22,0.0987,60,4.75,0,1,0,0,0,1,0,1,0,Kathmandu
3.75,3.937007874,2,5,0.067,5,54.625,1,0,0,0,0,1,0,1,0,Kathmandu
4.333333333,13.12335958,1.05,26,0.067,45,6,0,1,0,0,0,1,0,1,0,Kathmandu
4.416666667,8.530183727,2.5,12,0.067,20,13.4975,1,0,0,0,0,1,0,1,0,Kathmandu
3.666666667,5.249343832,6,14,0.0721,25,10.72,0,1,0,0,0,1,0,1,0,Kathmandu
3.083333333,6.56167979,6,4.125,0.067,25,10.7125,0,1,0,0,0,1,0,0,1,Lalitpur
5.083333333,7.532808399,2,14,0.067,40,6.41,0,1,0,0,0,1,0,1,0,Kathmandu
3.5,3.280839895,1.05,5,0.067,8,32,1,0,0,0,0,1,0,1,0,Kathmandu
4.083333333,11.81102362,1,25,0.067,60,4.0625,0,1,0,0,0,0,1,1,0,Kathmandu
4.416666667,6.456692913,10,2,0.093,5,48.25,1,0,0,0,0,0,1,1,0,Kathmandu
2.833333333,3.280839895,2,22,0.0904,70,3.4375,1,0,0,0,0,1,0,1,0,Kathmandu
3.5,3.280839895,1.05,5,0.067,8,30,1,0,0,0,0,1,0,1,0,Kathmandu
4.75,8.608923885,1,28,0.093,45,5,0,1,0,0,0,1,0,1,0,Kathmandu
4.166666667,15.0656168,10,28,0.093,30,7.43,0,1,0,0,0,1,0,1,0,Kathmandu
3,3.937007874,1.5,2,0.067,6,37,1,0,0,0,0,1,0,0,1,Lalitpur
2.75,18.7007874,5,1.75,0.0904,5,43.25,0,0,1,0,0,1,0,0,1,Lalitpur
3.666666667,7.217847769,3,18,0.067,25,8.625,0,1,0,0,0,0,1,1,0,Kathmandu
4,2.952755906,5,2.9,0.067,47.5,4.4375,0,1,0,0,0,1,0,0,1,Lalitpur
3,3.280839895,0.5,7,0.067,12,17.5625,1,0,0,0,0,1,0,1,0,Kathmandu
4.166666667,21.65354331,4,8,0.067,30,7,0,1,0,0,0,1,0,0,1,Lalitpur
2.833333333,6.456692913,2,7,0.0904,13,15.92,0,1,0,0,0,0,1,1,0,Kathmandu
4.416666667,6.56167979,10,1,0.067,3.5,58.25,1,0,0,0,0,0,1,0,1,Lalitpur
3.5,3.280839895,1.05,5,0.067,8,24.635,1,0,0,0,0,1,0,1,0,Kathmandu
3.5,19.68503937,1.3,11,0.067,30,6.48,0,0,1,0,0,1,0,1,0,Kathmandu
3.583333333,6.456692913,1,5,0.0721,20,9.69,0,1,0,0,0,0,1,1,0,Kathmandu
4.083333333,17.21784777,1.05,14,0.067,40,4.73,0,1,0,0,0,1,0,1,0,Kathmandu
2.333333333,4.921259843,10,7.5,0.0904,15,12.58,0,1,0,0,0,1,0,0,0,Bhaktapur
4.5,10.76115486,0.5,30,0.093,50,3.75,0,1,0,0,0,1,0,1,0,Kathmandu
2.833333333,3.280839895,2,6.875,0.0904,25,7.375,1,0,0,0,0,1,0,0,1,Lalitpur
2.333333333,5.905511811,1,17,0.0904,80,2.25,0,1,0,0,0,1,0,1,0,Kathmandu
3.083333333,23.67454068,2,6,0.0721,6,30,0,1,0,0,0,0,1,1,0,Kathmandu
2.583333333,7.545931759,1.05,4.75,0.0904,25,7,0,1,0,0,0,1,0,0,1,Lalitpur
2.416666667,6.56167979,25,1.55,0.0904,3,57.98,1,0,0,0,0,0,1,1,0,Kathmandu
2.666666667,16.40419948,1.05,9,0.0904,40,4.33,0,1,0,0,0,1,0,0,0,Bhaktapur
4.5,21.52230971,3,18,0.093,20,8.66,0,1,0,0,0,1,0,1,0,Kathmandu
3.083333333,5.905511811,4,30,0.0721,70,2.47,0,1,0,0,0,0,1,1,0,Kathmandu
4,2.952755906,0.1,14,0.067,20,8.5,0,0,1,0,0,1,0,1,0,Kathmandu
1.916666667,5.249343832,1,16,0.0987,40.01185185,4.21875,0,1,0,0,0,1,0,1,0,Kathmandu
3.916666667,5.249343832,2,5,0.0721,15,11.25,0,1,0,0,0,0,1,0,1,Lalitpur
3.916666667,1.968503937,0,5,0.0721,15,11.25,0,1,0,0,0,1,0,0,1,Lalitpur
5.166666667,3.937007874,2,24,0.067,60,2.72,0,1,0,0,0,1,0,1,0,Kathmandu
0.916666667,16.40419948,0.5,26,0.0831,49.95091302,3.183125,0,1,0,0,0,1,0,1,0,Kathmandu
2.916666667,6.56167979,1,10,0.067,30,5.18,0,1,0,0,0,1,0,1,0,Kathmandu
3.916666667,0.984251969,4,9,0.0721,18,8.55,0,0,1,0,0,1,0,1,0,Kathmandu
4.083333333,3.280839895,11,5.56925,0.067,17,8.8675,0,1,0,0,0,1,0,0,1,Lalitpur
4.166666667,2.952755906,3,14,0.067,40,3.74125,0,1,0,0,0,0,1,1,0,Kathmandu
2.75,5.249343832,1,7,0.0904,12,12.45,0,1,0,0,0,0,1,1,0,Kathmandu
2.5,6.56167979,0.5,8,0.0904,18,8,0,1,0,0,0,1,0,1,0,Kathmandu
1.333333333,1.312335958,,10,0.0987,150.2935421,0.958125,0,0,0,0,1,1,0,1,0,Kathmandu
5.166666667,4.304461942,2,4.5,0.067,18,7.86,1,0,0,0,0,1,0,1,0,Kathmandu
3.083333333,11.83727034,3,5.25,0.0721,20,7,0,1,0,0,0,1,0,0,1,Lalitpur
4.166666667,3.937007874,2,3.5,0.067,18,7.75,1,0,0,0,0,0,1,0,1,Lalitpur
4.083333333,3.937007874,1.5,5.5,0.067,20,6.968,1,0,0,0,0,1,0,1,0,Kathmandu
3.833333333,3.608923885,10,4,0.067,15,9.1875,0,1,0,0,0,1,0,1,0,Kathmandu
4,16.40419948,0.5,4,0.067,15,9.1875,0,1,0,0,0,1,0,1,0,Kathmandu
2.583333333,6.456692913,2,8,0.0904,16,8.6,1,0,0,0,0,0,1,1,0,Kathmandu
3.083333333,8.608923885,2,18,0.0721,30,4.58,0,1,0,0,0,1,0,1,0,Kathmandu
1.666666667,9.68503937,,4,0.0987,11.40333333,12,0,1,0,0,0,1,0,1,0,Kathmandu
1.75,25,1.05,22,0.0987,60,2.28,0,0,0,0,0,1,0,1,0,Kathmandu
4.166666667,8.608923885,8.6,8,0.067,14,9.73,1,0,0,0,0,0,1,1,0,Kathmandu
3.666666667,6.233595801,4,7.7,0.0721,13,10.41,1,0,0,0,0,1,0,1,0,Kathmandu
3.833333333,23.67454068,0.5,28,0.0721,60,2.25,0,1,0,0,0,1,0,1,0,Kathmandu
5.166666667,23.67454068,0.5,28,0.067,60,2.25,0,1,0,0,0,1,0,1,0,Kathmandu
3.666666667,6.233595801,4,7.7,0.0721,15,9,0,1,0,0,0,1,0,1,0,Kathmandu
2.333333333,6.456692913,10,1.55,0.0904,3,45,1,0,0,0,0,0,0,1,0,Kathmandu
3.5,3.280839895,1.05,5,0.067,8,16.75,1,0,0,0,0,1,0,1,0,Kathmandu
4,6.88976378,20.44,15,0.067,17,7.875,1,0,0,0,0,1,0,1,0,Kathmandu
5.25,4.304461942,3,15,0.067,24.96500233,5.3575,0,1,0,0,0,1,0,1,0,Kathmandu
3.25,3.280839895,5,2.75,0.0721,5,26.62,1,0,0,0,0,0,1,1,0,Kathmandu
3.5,3.280839895,1.05,5,0.067,8,16.635,1,0,0,0,0,1,0,1,0,Kathmandu
4,6.88976378,1.05,15,0.067,17,7.8125,1,0,0,0,0,1,0,1,0,Kathmandu
2.166666667,3.280839895,3,10,0.0904,20.0113701,6.59625,0,1,0,0,0,0,1,1,0,Kathmandu
5.166666667,4.304461942,2,9,0.067,30,4.38,0,1,0,0,0,1,0,1,0,Kathmandu
4.083333333,8.202099738,4,0.5,0.067,0.87,150,1,0,0,0,0,1,0,1,0,Kathmandu
3.083333333,4.304461942,2,3,0.0721,5,26,1,0,0,0,0,0,1,1,0,Kathmandu
5.166666667,4.304461942,25,1.5,0.067,5,25.71,1,0,0,0,0,0,1,1,0,Kathmandu
3.75,3.937007874,2,5,0.067,8,16,1,0,0,0,0,1,0,1,0,Kathmandu
0.833333333,4.593175853,2,0.5,0.0831,4,32,0,0,1,0,0,0,1,1,0,Kathmandu
4.5,4.593175853,10,1.5,0.067,22.5,5.6875,1,0,0,0,0,0,1,1,0,Kathmandu
4.416666667,4.304461942,2,3,0.093,8.5,14.66,1,0,0,0,0,1,0,1,0,Kathmandu
1.916666667,21.65354331,5,8,0.0987,30.00903887,4.14875,0,1,0,0,0,1,0,1,0,Kathmandu
4.083333333,8.202099738,4,0.5,0.067,0.6,206.5,1,0,0,0,0,1,0,1,0,Kathmandu
4.166666667,3.280839895,1,18,0.067,25,4.9375,1,0,0,0,0,0,1,1,0,Kathmandu
4.666666667,4.304461942,1,13,0.093,20,6.17,0,1,0,0,0,0,1,1,0,Kathmandu
2.75,3.280839895,0.3,7,0.0904,16,7.66,0,1,0,0,0,0,1,1,0,Kathmandu
3.083333333,3.937007874,5,6,0.067,19,6.45,0,1,0,0,0,1,0,1,0,Kathmandu
2.666666667,11.83727034,5,3,0.0904,5,24.25,0,1,0,0,0,0,1,1,0,Kathmandu
3.25,4.304461942,5,5,0.0721,20,6.06,0,1,0,0,0,0,1,1,0,Kathmandu
3,4.304461942,1.05,13,0.0721,50,2.4,0,1,0,0,0,1,0,1,0,Kathmandu
4.166666667,4.304461942,10,15,0.093,30,4,0,1,0,0,0,0,1,1,0,Kathmandu
2.666666667,11.83727034,1,15,0.0904,30,4,0,1,0,0,0,1,0,1,0,Kathmandu
4.166666667,4.304461942,10,15,0.093,30,4,0,1,0,0,0,0,1,1,0,Kathmandu
4.416666667,4.304461942,5,3,0.093,4.75,25.19,1,0,0,0,0,0,1,1,0,Kathmandu
2.833333333,10.49868766,1.5,6,0.0904,20,5.954,0,1,0,0,0,1,0,1,0,Kathmandu
2.166666667,5.905511811,,1.6,0.0904,4.500023702,26.36875,1,0,0,0,0,0,1,1,0,Kathmandu
0.916666667,6.88976378,,14,0.0831,39.99155584,2.960625,0,1,0,0,0,1,0,1,0,Kathmandu
0.916666667,5.249343832,1.5,12,0.0831,25.00330382,4.729375,0,1,0,0,0,1,0,1,0,Kathmandu
3.916666667,7.532808399,10,6,0.0721,6.5,18.08,0,1,0,0,0,0,1,1,0,Kathmandu
4.333333333,13.12335958,1.05,26,0.067,40,2.9375,0,1,0,0,0,1,0,1,0,Kathmandu
4.166666667,8.608923885,7,12,0.093,25,4.67,0,1,0,0,0,0,1,1,0,Kathmandu
4.166666667,7.532808399,1.05,3.3,0.093,9.5,12.2,1,0,0,0,0,0,1,1,0,Kathmandu
3.916666667,5.249343832,12,6,0.067,21,5.5,0,1,0,0,0,1,0,0,1,Lalitpur
0.916666667,4.593175853,2,3.3,0.0831,6.99867369,16.493125,0,1,0,0,0,0,1,1,0,Kathmandu
3.083333333,3.937007874,5,6,0.067,19,6,0,1,0,0,0,1,0,1,0,Kathmandu
2.083333333,10.82677165,0.2,3.3,0.0904,15.01234568,7.59375,0,1,0,0,0,0,1,1,0,Kathmandu
2.416666667,4.593175853,12,0.26,0.0904,3,37.75,0,0,1,0,0,1,0,1,0,Kathmandu
3.916666667,4.304461942,5,11,0.0721,15,7.43,1,0,0,0,0,1,0,1,0,Kathmandu
3.5,3.280839895,1.05,5,0.067,8,13.8125,1,0,0,0,0,1,0,1,0,Kathmandu
4.583333333,4.304461942,40,0.5,0.093,5.55,19.9,1,0,0,0,0,0,1,1,0,Kathmandu
4.25,3.937007874,1.3,25,0.067,14,7.8125,0,1,0,0,0,1,0,1,0,Kathmandu
1.833333333,19.68503937,1.05,1,0.0987,6,18.05,0,1,0,0,0,1,0,1,0,Kathmandu
3.5,1.312335958,2,0.6,0.0721,2.5,43.31,0,0,1,0,0,0,0,1,0,Kathmandu
2.833333333,3.280839895,2,11,0.0904,25,4.3125,1,0,0,0,0,1,0,1,0,Kathmandu
2.666666667,11.83727034,5,3,0.0904,5,21.25,0,1,0,0,0,0,1,1,0,Kathmandu
3.583333333,8.202099738,7,4,0.067,10,10.5,0,1,0,0,0,1,0,1,0,Kathmandu
4.083333333,3.937007874,1.5,5.5,0.067,15,6.968,1,0,0,0,0,1,0,1,0,Kathmandu
4.416666667,4.304461942,8,3.5,0.067,13,8,1,0,0,0,0,1,0,0,1,Lalitpur
4.166666667,4.304461942,1,14,0.093,32,3.23,0,1,0,0,0,1,0,1,0,Kathmandu
4.083333333,17.21784777,1.05,14,0.067,40,2.5625,0,1,0,0,0,1,0,1,0,Kathmandu
3.5,3.280839895,1.05,5,0.067,8,12.75,1,0,0,0,0,1,0,1,0,Kathmandu
3.916666667,5.249343832,80,1.1,0.067,4,25.25,1,0,0,0,0,0,1,0,1,Lalitpur
2.416666667,7.217847769,12,12,0.0904,25,4,0,1,0,0,0,1,0,1,0,Kathmandu
3.75,7.217847769,1.05,8,0.067,20,5,0,1,0,0,0,1,0,0,1,Lalitpur
4.5,1.312335958,1.5,1,0.093,5,20,0,0,1,0,0,0,1,0,1,Lalitpur
1.5,3.937007874,,10,0.0987,40,2.5,0,0,0,0,1,1,0,1,0,Kathmandu
3.5,3.937007874,8.5,2.25,0.0721,13.5,7.4,1,0,0,0,0,1,0,1,0,Kathmandu
3.25,5.577427822,0.34,9,0.0721,25,3.96,0,1,0,0,0,0,1,1,0,Kathmandu
4.416666667,3.937007874,2.3,14,0.067,22,4.5,0,1,0,0,0,0,1,1,0,Kathmandu
3,3.280839895,6,5.5,0.067,12,8.25,1,0,0,0,0,1,0,1,0,Kathmandu
3.583333333,4.304461942,5,5,0.0721,19,5.16,1,0,0,0,0,0,1,1,0,Kathmandu
4.666666667,4.304461942,2,15,0.093,35,2.8,1,0,0,0,0,1,0,1,0,Kathmandu
4.166666667,4.304461942,1,14,0.093,32,3.06,0,1,0,0,0,1,0,1,0,Kathmandu
0.833333333,5.249343832,1,4.4,0.0831,18.00620618,5.438125,0,1,0,0,0,0,1,1,0,Kathmandu
3.833333333,6.456692913,30,1.3,0.0721,2.5,39.1,1,0,0,0,0,0,1,0,0,Bhaktapur
1.833333333,3.937007874,1,4.5625,0.0987,30,3.25,0,1,0,0,0,0,1,0,1,Lalitpur
3.166666667,7.874015748,0.8,3,0.067,13,7.495,0,1,0,0,0,1,0,1,0,Kathmandu
4,4.304461942,10,2,0.093,4,24.33,1,0,0,0,0,0,1,1,0,Kathmandu
3,6.56167979,2,16,0.0721,35,2.75,0,1,0,0,0,1,0,1,0,Kathmandu
4.166666667,4.842519685,30,14,0.093,32,3,0,1,0,0,0,1,0,1,0,Kathmandu
2.75,3.280839895,1,12,0.0904,32,3,1,0,0,0,0,1,0,1,0,Kathmandu
2.5,3.280839895,3,10,0.0904,40,2.39,0,0,0,0,1,1,0,1,0,Kathmandu
4.666666667,4.304461942,7,7.7,0.093,15,6.35,1,0,0,0,0,0,1,1,0,Kathmandu
4.416666667,7.532808399,1.05,8.5,0.067,20,4.75,0,1,0,0,0,1,0,1,0,Kathmandu
3,4.304461942,1.05,20,0.0721,100,0.921,0,1,0,0,0,1,0,1,0,Kathmandu
3.25,4.593175853,4,12,0.067,20,4.56125,1,0,0,0,0,1,0,1,0,Kathmandu
4.083333333,4.304461942,10,3,0.093,7.75,11.77,1,0,0,0,0,0,1,1,0,Kathmandu
3.833333333,4.304461942,2,12,0.0721,40,2.28,0,0,0,0,1,0,1,1,0,Kathmandu
4.5,1.312335958,1.5,1,0.093,3.5,26,0,0,1,0,0,0,1,0,1,Lalitpur
1.083333333,4.593175853,0.3,12,0.0987,24.98712888,3.641875,0,1,0,0,0,1,0,1,0,Kathmandu
1.833333333,5,20,1.65,0.0987,4.499054117,20.153125,0,1,0,0,0,0,1,1,0,Kathmandu
1.666666667,32.28346457,5,12,0.0987,20.25512784,4.44875,0,1,0,0,0,1,0,1,0,Kathmandu
2.166666667,5.905511811,3,0.08,0.0904,15.00421337,6.000314564,0,1,0,0,0,0,1,0,0,Bhaktapur
0.916666667,4.593175853,1.5,10,0.0831,25.00435313,3.589375,0,1,0,0,0,1,0,1,0,Kathmandu
2.916666667,6.56167979,1.05,1.75,0.067,6,14.875,1,0,0,0,0,1,0,1,0,Kathmandu
3.833333333,2.624671916,12,6,0.067,18,4.8125,0,0,1,0,0,0,1,0,1,Lalitpur
0.916666667,5.249343832,5,4.4,0.0831,8.999415319,9.620625,0,1,0,0,0,0,1,1,0,Kathmandu
2.166666667,5.905511811,2,7,0.0904,15,5.75,1,0,0,0,0,1,0,1,0,Kathmandu
4,6.56167979,4,6.5,0.067,15,5.7125,0,0,1,0,0,1,0,1,0,Kathmandu
1.25,6.56167979,2,10,0.0987,16,5.35,0,1,0,0,0,0,1,1,0,Kathmandu
4,6.456692913,1.05,3,0.093,6,14.23,1,0,0,0,0,0,1,1,0,Kathmandu
3.833333333,6.456692913,3,5,0.0721,25.25,3.37,1,0,0,0,0,0,1,1,0,Kathmandu
3.833333333,6.456692913,3,5,0.0721,25.25,3.37,1,0,0,0,0,0,1,1,0,Kathmandu
2.916666667,4.921259843,1.5,10,0.067,17,5,1,0,0,0,0,0,1,1,0,Kathmandu
3.5,3.280839895,1.05,5,0.067,8,10.625,1,0,0,0,0,1,0,1,0,Kathmandu
4.166666667,4.304461942,1,20,0.093,22.25,3.75,0,1,0,0,0,1,0,1,0,Kathmandu
2.583333333,3.280839895,4,2,0.0904,10,8.31,1,0,0,0,0,1,0,0,1,Lalitpur
1.5,4.593175853,1.4,9,0.0987,13.98518519,5.90625,0,1,0,0,0,1,0,1,0,Kathmandu
2.916666667,3.937007874,2,10,0.067,30,2.75,0,1,0,0,0,1,0,1,0,Kathmandu
1.75,3.937007874,2,3.65,0.0987,11.98907701,6.86625,1,0,0,0,0,0,1,1,0,Kathmandu
4.166666667,4.265091864,2.5,3.8148,0.067,13,6.3125,1,0,0,0,0,0,1,0,1,Lalitpur
1.833333333,3.937007874,10,1,0.0987,3,27.34,1,0,0,0,0,0,1,0,0,Bhaktapur
1.166666667,3.280839895,0.5,8,0.0987,25.03339057,3.275625,0,0,0,0,1,1,0,1,0,Kathmandu
2.916666667,7.217847769,3,18,0.0904,42,1.95,0,1,0,0,0,1,0,1,0,Kathmandu
4.166666667,3.608923885,4,7,0.067,12,6.8125,0,1,0,0,0,1,0,1,0,Kathmandu
5,4.304461942,10,4,0.067,13,6.2,1,0,0,0,0,1,0,1,0,Kathmandu
2.916666667,4.921259843,1.5,10,0.067,17,4.63,1,0,0,0,0,0,1,1,0,Kathmandu
4.083333333,6.56167979,11,3,0.067,8,9.8125,1,0,0,0,0,1,0,1,0,Kathmandu
3.5,3.280839895,1.05,5,0.067,8,9.75,1,0,0,0,0,1,0,1,0,Kathmandu
2.666666667,6.56167979,1,15,0.0904,35,2.22,0,1,0,0,0,1,0,1,0,Kathmandu
2.833333333,3.280839895,5,1.5,0.0904,4.5,17.03,1,0,0,0,0,0,1,1,0,Kathmandu
2.416666667,2.624671916,0.3,10,0.0904,20,3.81,0,0,1,0,0,1,0,1,0,Kathmandu
4.166666667,5.249343832,8.5,7,0.067,14,5.375,0,1,0,0,0,0,1,1,0,Kathmandu
2.833333333,3.280839895,5,1.5,0.0904,4.5,16.67,1,0,0,0,0,0,1,1,0,Kathmandu
3.75,15,1.05,11,0.067,30,2.5,0,1,0,0,0,1,0,0,1,Lalitpur
3.583333333,4.304461942,3,12,0.0721,25,3,1,0,0,0,0,1,0,1,0,Kathmandu
2.416666667,3.937007874,5.9,4,0.0904,15,5,1,0,0,0,0,1,0,1,0,Kathmandu
3.5,3.280839895,1.05,5,0.067,8,9.25,1,0,0,0,0,1,0,1,0,Kathmandu
3.5,3.280839895,1.05,5,0.067,8,9.25,1,0,0,0,0,1,0,1,0,Kathmandu
2.75,3.280839895,0.3,7,0.0904,16,4.59,0,1,0,0,0,0,1,1,0,Kathmandu
2,5.905511811,5,2.5,0.0904,10.01025641,7.3125,0,0,0,1,0,0,1,1,0,Kathmandu
4.25,5.249343832,1,4.5,0.067,15,4.875,1,0,0,0,0,1,0,1,0,Kathmandu
4.333333333,4.265091864,6,2,0.067,6.5,11.25,1,0,0,0,0,0,1,1,0,Kathmandu
2.25,4.304461942,5,6.32,0.0904,18,4.05,0,1,0,0,0,0,1,1,0,Kathmandu
2.5,3.280839895,0.25,11,0.0904,20,3.625,1,0,0,0,0,1,0,1,0,Kathmandu
4,0.984251969,25,1.5,0.093,4,18,0,0,1,0,0,0,1,1,0,Kathmandu
2.333333333,4.304461942,3,3.25,0.0904,6,11.92,1,0,0,0,0,0,1,1,0,Kathmandu
3.833333333,8.530183727,4.6,3,0.067,13,5.5,0,1,0,0,0,1,0,1,0,Kathmandu
2.166666667,16.40419948,,7,0.0904,30,2.375,0,1,0,0,0,1,0,0,0,Bhaktapur
3.083333333,6.456692913,1.05,3,0.0721,5,14.23,1,0,0,0,0,0,1,1,0,Kathmandu
2.833333333,3.937007874,1.05,1.5,0.0904,4.75,14.75,1,0,0,0,0,0,1,0,0,Bhaktapur
3.25,7.217847769,1.05,8.0625,0.067,35,2,0,1,0,0,0,1,0,0,1,Lalitpur
4,5.577427822,2.5,2,0.093,7,10,1,0,0,0,0,0,1,1,0,Kathmandu
4,4.593175853,3,9,0.067,15.5,4.5,0,0,1,0,0,0,1,1,0,Kathmandu
3.083333333,2.624671916,2.5,7.5,0.0721,15,4.64,1,0,0,0,0,0,1,1,0,Kathmandu
4.166666667,7.874015748,2,7.7,0.093,30,2.31,1,0,0,0,0,1,0,1,0,Kathmandu
3.083333333,6.56167979,6,4.125,0.067,25,2.75,0,1,0,0,0,1,0,0,1,Lalitpur
4,10.76115486,5,2,0.093,3,22.84,1,0,0,0,0,0,1,1,0,Kathmandu
3.916666667,3.937007874,0.25,3.02005,0.067,10.5,6.5,0,1,0,0,0,0,1,1,0,Kathmandu
2.666666667,5.249343832,2.5,6,0.0904,17,4,0,1,0,0,0,1,0,1,0,Kathmandu
1.833333333,5.905511811,3,0.06,0.0987,15.00334006,4.519660271,1,0,0,0,0,0,1,0,0,Bhaktapur
2.916666667,7.532808399,0.5,13,0.0904,27,2.5,0,1,0,0,0,1,0,1,0,Kathmandu
3.666666667,6.456692913,1,3,0.0721,3,22.5,1,0,0,0,0,0,1,1,0,Kathmandu
3,4.304461942,10,4.5,0.0721,5,13.47,1,0,0,0,0,0,1,1,0,Kathmandu
1.5,2.624671916,2.5,2.75,0.0987,8.99698896,7.4725,0,1,0,0,0,0,1,1,0,Kathmandu
3,3.280839895,1.5,10,0.0721,20,3.35,1,0,0,0,0,1,0,1,0,Kathmandu
3.916666667,8.530183727,16,8,0.067,18,3.7125,1,0,0,0,0,1,0,1,0,Kathmandu
1.666666667,7.874015748,1,0.32,0.0987,2.50117096,26.6875,1,0,0,0,0,0,1,1,0,Kathmandu
3.166666667,3.280839895,3,11,0.067,15,4.4375,1,0,0,0,0,1,0,1,0,Kathmandu
3.916666667,4.304461942,10,3,0.0721,9,7.39,1,0,0,0,0,0,1,0,1,Lalitpur
3.833333333,4.593175853,25,2,0.067,5,13.25,1,0,0,0,0,1,0,1,0,Kathmandu
2.416666667,3.280839895,7,1.8125,0.0904,8.25,8,0,0,0,1,0,0,1,0,1,Lalitpur
5.166666667,4.304461942,7,5,0.067,12,5.42,0,1,0,0,0,0,0,1,0,Kathmandu
2.416666667,3.937007874,3,12,0.067,20,3.25,0,1,0,0,0,1,0,1,0,Kathmandu
4.416666667,4.304461942,8,3.5,0.067,13,5,1,0,0,0,0,1,0,0,1,Lalitpur
1.916666667,4.304461942,2,2.1,0.0987,5.498412698,11.8125,1,0,0,0,0,0,1,1,0,Kathmandu
1.083333333,3.280839895,0.3,5.5,0.0987,14.01335696,4.585625,0,0,0,0,1,0,1,1,0,Kathmandu
1.083333333,3.280839895,0.3,5.5,0.0987,14.01335696,4.585625,0,0,0,0,1,0,1,1,0,Kathmandu
4,2.624671916,1.05,7.7,0.093,19,3.36,0,1,0,0,0,0,1,1,0,Kathmandu
3.833333333,3.280839895,2,12,0.067,20,3.1868,1,0,0,0,0,0,1,1,0,Kathmandu
4.5,4.304461942,6,2,0.093,4,15.92,1,0,0,0,0,0,1,1,0,Kathmandu
3,6.56167979,2,0.7,0.0721,3.5,18.18,1,0,0,0,0,0,1,0,0,Bhaktapur
3.5,3.280839895,1.05,5,0.067,8,7.9375,1,0,0,0,0,1,0,1,0,Kathmandu
3.916666667,12,2.5,10,0.067,18,3.5,0,1,0,0,0,0,1,1,0,Kathmandu
3.916666667,5.905511811,2.5,10,0.067,18,3.5,0,1,0,0,0,1,0,1,0,Kathmandu
4.333333333,3.937007874,4.5,4.5,0.067,14,4.5,0,1,0,0,0,1,0,1,0,Kathmandu
1.666666667,3.937007874,0.1,12,0.0987,30.02680965,2.098125,0,1,0,0,0,1,0,1,0,Kathmandu
2.583333333,4.921259843,3,11,0.0904,12,5.21,1,0,0,0,0,0,1,1,0,Kathmandu
3.166666667,6.56167979,3,11,0.0721,25,2.5,0,1,0,0,0,1,0,1,0,Kathmandu
2.166666667,3.937007874,0.5,3.21,0.0904,25,2.5,0,1,0,0,0,0,1,0,1,Lalitpur
2.166666667,3.280839895,0.6,4.5,0.0904,14,4.46,1,0,0,0,0,0,1,1,0,Kathmandu
3.083333333,4.304461942,3,4,0.0721,15,4.15,0,1,0,0,0,0,1,1,0,Kathmandu
4.416666667,4.304461942,1.5,2,0.093,8,7.78,1,0,0,0,0,0,1,1,0,Kathmandu
2,3.937007874,1.25,5,0.0904,18,3.45,1,0,0,0,0,0,1,1,0,Kathmandu
2.583333333,3.937007874,1.5,6,0.0904,10,6.2,0,0,0,0,1,0,1,1,0,Kathmandu
3.5,3.280839895,1.05,5,0.067,8,7.75,1,0,0,0,0,1,0,1,0,Kathmandu
3.833333333,4.304461942,10,4.5,0.0721,21,2.95,0,1,0,0,0,0,1,1,0,Kathmandu
0.916666667,3.937007874,2,12,0.0831,14.97944893,4.105625,0,1,0,0,0,1,0,1,0,Kathmandu
3.333333333,10.76115486,3,12,0.0721,25,2.45,0,1,0,0,0,0,1,1,0,Kathmandu
5,7.217847769,4,4.5,0.067,10,6.125,1,0,0,0,0,1,0,1,0,Kathmandu
1.75,4.921259843,1.8,4.25,0.0987,19.98367347,3.0625,0,1,0,0,0,1,0,0,0,Bhaktapur
3.833333333,7.545931759,15,2.5,0.0721,12,5.08,0,1,0,0,0,1,0,1,0,Kathmandu
3.75,2.952755906,5,3.5,0.067,15,4.0625,1,0,0,0,0,0,1,0,1,Lalitpur
1.666666667,4.593175853,1.5,17,0.0987,85.14991182,0.70875,0,1,0,0,0,1,0,1,0,Kathmandu
3.916666667,3.280839895,1.85,2.06635,0.067,9,6.6875,1,0,0,0,0,0,1,1,0,Kathmandu
2.666666667,3.937007874,5,3,0.0904,9,6.67,0,0,0,1,0,0,1,1,0,Kathmandu
4,0.656167979,4,4.5,0.067,10,6,1,0,0,0,0,1,0,1,0,Kathmandu
4.5,4.265091864,13,3,0.067,10,6,1,0,0,0,0,1,0,1,0,Kathmandu
1.083333333,7.217847769,,4.4,0.0987,15,4,0,1,0,0,0,1,0,1,0,Kathmandu
1.833333333,1.312335958,5,4,0.0987,20,3,0,0,1,0,0,0,1,1,0,Kathmandu
0.916666667,3.280839895,2,9,0.0831,14.99060739,3.9925,0,1,0,0,0,0,1,1,0,Kathmandu
2.833333333,3.280839895,2.5,5,0.0904,13,4.56,0,0,0,1,0,0,1,1,0,Kathmandu
2,10.82677165,7,7.15,0.0904,17.9965812,3.290625,0,1,0,0,0,1,0,1,0,Kathmandu
3,3.280839895,1.05,10,0.0721,16,3.7,0,1,0,0,0,0,1,1,0,Kathmandu
5.166666667,4.304461942,9,1.5,0.067,10,5.92,1,0,0,0,0,0,1,1,0,Kathmandu
3,2.624671916,1.5,7,0.0721,12,4.93,1,0,0,0,0,0,1,1,0,Kathmandu
3.083333333,4.304461942,3,1.625,0.0721,12,4.93,1,0,0,0,0,1,0,0,1,Lalitpur
2.5,2.952755906,4,10,0.0904,15,3.94,0,1,0,0,0,1,0,1,0,Kathmandu
2,3.937007874,5,7.15,0.0904,11.24952381,5.25,0,1,0,0,0,0,1,1,0,Kathmandu
1.25,3.280839895,2,2.75,0.0987,15.00478469,3.91875,0,0,0,1,0,0,1,1,0,Kathmandu
5.083333333,4.265091864,25,9,0.067,13,4.5,1,0,0,0,0,0,1,1,0,Kathmandu
4.083333333,3.937007874,3,2,0.067,3.5,16.625,1,0,0,0,0,0,1,1,0,Kathmandu
3.916666667,7.532808399,5,3,0.0721,3,19.34,1,0,0,0,0,0,1,1,0,Kathmandu
3.166666667,4.304461942,7,11,0.0721,14.5,4,1,0,0,0,0,0,1,1,0,Kathmandu
4.666666667,4.304461942,4,3.5,0.093,14.5,4,1,0,0,0,0,0,1,1,0,Kathmandu
3.416666667,6.456692913,20,0.9375,0.0721,6,9.65,0,0,0,1,0,0,1,0,1,Lalitpur
3,19.37007874,1,24,0.0721,50,1.15,0,1,0,0,0,1,0,1,0,Kathmandu
2.416666667,5.905511811,5.5,0.5,0.0904,3,19,1,0,0,0,0,1,0,0,1,Lalitpur
2.833333333,3.280839895,0.9,9,0.0904,25,2.25,0,0,0,0,1,0,1,1,0,Kathmandu
2.5,4.304461942,2,5,0.0904,9,6.25,1,0,0,0,0,0,1,1,0,Kathmandu
3.666666667,4.304461942,5,2.25,0.0721,9,6.25,1,0,0,0,0,0,1,1,0,Kathmandu
0.916666667,2.624671916,0.5,8,0.0831,22.48,2.5,0,0,0,1,0,1,0,1,0,Kathmandu
3.5,3.280839895,1.05,5,0.067,8,7,1,0,0,0,0,1,0,1,0,Kathmandu
1.916666667,7.217847769,2.5,3.3,0.0987,8,7,0,1,0,0,0,0,1,1,0,Kathmandu
1.083333333,3.280839895,2.5,1.5,0.0987,11.98874447,4.664375,1,0,0,0,0,0,1,1,0,Kathmandu
3.5,3.280839895,1.05,5,0.067,8,6.975,1,0,0,0,0,1,0,1,0,Kathmandu
1,4.265091864,5,9,0.0987,15.0126114,3.716875,0,1,0,0,0,0,1,1,0,Kathmandu
3.416666667,6.456692913,1.05,7,0.0721,30,1.85,0,1,0,0,0,1,0,1,0,Kathmandu
2.583333333,3.280839895,14,2.25,0.0904,4,13.8,1,0,0,0,0,1,0,1,0,Kathmandu
3,3.937007874,5,3,0.0721,5,11,1,0,0,0,0,0,1,1,0,Kathmandu
2.25,6.233595801,1,7.15,0.0904,25,2.2,1,0,0,0,0,0,1,1,0,Kathmandu
1.333333333,7.874015748,,0.06,0.0987,12.0802,4.538219566,1,0,0,0,0,0,1,0,0,Bhaktapur
4.083333333,6.56167979,11,3,0.067,12,4.5625,1,0,0,0,0,1,0,1,0,Kathmandu
5.083333333,6.56167979,9,5.5,0.067,18,3.03,0,1,0,0,0,1,0,1,0,Kathmandu
5.25,9.842519685,2,12,0.067,24.91428571,2.1875,0,1,0,0,0,1,0,1,0,Kathmandu
3.833333333,11.83727034,15,3,0.0721,13.75,3.96,0,1,0,0,0,1,0,1,0,Kathmandu
4.416666667,4.265091864,1,3,0.067,14,3.875,1,0,0,0,0,1,0,0,1,Lalitpur
0.833333333,3.280839895,1,4.1,0.0831,13.99546779,3.86125,0,0,0,1,0,0,1,1,0,Kathmandu
4.333333333,4.304461942,10,7,0.093,18,3,0,1,0,0,0,0,1,1,0,Kathmandu
4.416666667,3.937007874,4.5,6,0.067,18,3,0,1,0,0,0,1,0,0,1,Lalitpur
3.833333333,4.304461942,0.5,6.5,0.0721,12,4.5,1,0,0,0,0,0,1,1,0,Kathmandu
3.75,19.37007874,5,3.5,0.0721,6,9,0,1,0,0,0,0,1,0,0,Bhaktapur
2.916666667,7.532808399,0.5,10,0.0904,21.5,2.5,0,1,0,0,0,1,0,1,0,Kathmandu
1,3.937007874,15,1,0.0987,1.999766644,26.783125,1,0,0,0,0,0,1,1,0,Kathmandu
3.583333333,3.937007874,3,9,0.067,14.5,3.6875,1,0,0,0,0,0,1,1,0,Kathmandu
4.25,11.83727034,10,18,0.093,32,1.67,0,1,0,0,0,1,0,1,0,Kathmandu
1.25,4.304461942,0.5,4.4,0.0987,9.992982456,5.34375,1,0,0,0,0,0,1,0,0,Bhaktapur
2.333333333,4.304461942,0.5,3.3,0.0904,10.5,5.08,0,1,0,0,0,0,1,1,0,Kathmandu
4.583333333,4.304461942,0.5,7,0.093,20,2.63,0,1,0,0,0,0,1,1,0,Kathmandu
1.083333333,3.280839895,1.5,2.75,0.0987,9.995249406,5.2625,0,1,0,0,0,0,1,1,0,Kathmandu
3.75,4.304461942,2,4,0.0721,14,3.75,1,0,0,0,0,0,1,1,0,Kathmandu
1.416666667,1.312335958,0.5,10,0.0987,30,1.75,0,0,1,0,0,1,0,1,0,Kathmandu
4,1.312335958,1,7,0.093,17,3.06,0,0,1,0,0,0,1,1,0,Kathmandu
3.5,3.280839895,2,11,0.0721,13,4,1,0,0,0,0,0,1,1,0,Kathmandu
2.666666667,6.56167979,15,5,0.0904,6.5,8,1,0,0,0,0,0,1,1,0,Kathmandu
4.25,2,15,1.25,0.093,4,13,0,0,0,0,0,0,1,1,0,Kathmandu
3,6.56167979,2,0.35,0.0721,0.5,103.67,0,0,0,1,0,0,1,1,0,Kathmandu
1,0.984251969,2,4,0.0987,12.0069646,4.3075,0,0,1,0,0,0,1,1,0,Kathmandu
1.666666667,4.593175853,1.5,3.65,0.0987,12.01044993,4.30625,1,0,0,0,0,0,1,1,0,Kathmandu
2.833333333,3.280839895,5,1.5,0.0904,4.5,11.46,1,0,0,0,0,0,1,1,0,Kathmandu
2.916666667,5.905511811,10,5,0.067,14,3.68,1,0,0,0,0,1,0,1,0,Kathmandu
1.666666667,1.312335958,0.5,6,0.0987,8.988131868,5.6875,0,0,1,0,0,0,1,1,0,Kathmandu
2.166666667,20,1.05,3,0.0904,17,3,0,1,0,0,0,1,0,1,0,Kathmandu
3.916666667,3.280839895,16.5,8,0.067,16,3.1875,1,0,0,0,0,0,1,1,0,Kathmandu
2.25,8.530183727,5,0.64,0.0904,6,8.5,0,0,0,1,0,0,1,1,0,Kathmandu
3.333333333,4.304461942,1,1.5,0.0721,5,10.13,1,0,0,0,0,0,1,1,0,Kathmandu
4.5,13.98950131,13,3,0.067,10,5.0625,1,0,0,0,0,0,1,1,0,Kathmandu
2.166666667,3.280839895,1,7,0.0904,17.47936919,2.893125,1,0,0,0,0,0,1,1,0,Kathmandu
5.25,4.304461942,3,1.1,0.067,6,8.41,1,0,0,0,0,0,1,1,0,Kathmandu
1.833333333,3.280839895,0.5,3.65,0.0987,9.995042142,5.0425,1,0,0,0,0,0,1,1,0,Kathmandu
1.916666667,3.937007874,1,8,0.0987,30.07185629,1.67,1,0,0,0,0,1,0,1,0,Kathmandu
4.5,1.312335958,10,0.5,0.093,3.25,15.45,0,0,1,0,0,0,1,1,0,Kathmandu
3.583333333,4.304461942,3,28,0.0721,12,4.18,1,0,0,0,0,1,0,1,0,Kathmandu
2.416666667,3.280839895,1,6.9,0.0904,15,3.34,0,1,0,0,0,0,1,1,0,Kathmandu
2.5,4.304461942,1.5,5,0.0904,13,3.85,0,0,0,1,0,0,1,1,0,Kathmandu
2.583333333,6.56167979,1.5,13,0.0904,25,2,0,1,0,0,0,1,0,1,0,Kathmandu
0.916666667,3.937007874,0.15,12,0.0831,40,1.25,0,1,0,0,0,1,0,1,0,Kathmandu
4.416666667,1.312335958,5,9,0.067,15,3.3125,0,0,1,0,0,1,0,1,0,Kathmandu
3,5.905511811,4,3,0.067,12,4.13,0,1,0,0,0,0,1,1,0,Kathmandu
3.166666667,2.624671916,5,14,0.067,18,2.75,0,0,1,0,0,1,0,1,0,Kathmandu
2.583333333,1.312335958,5,3,0.0904,18,2.75,0,0,1,0,0,0,1,1,0,Kathmandu
2.083333333,3.280839895,,3.65,0.0904,10.49441786,4.7025,1,0,0,0,0,0,1,1,0,Kathmandu
4,6.456692913,0.5,4.65,0.093,14.5,3.39,0,1,0,0,0,0,1,0,1,Lalitpur
3.166666667,3.937007874,8,3,0.067,9,5.43,1,0,0,0,0,1,0,1,0,Kathmandu
2.5,3.280839895,1.05,3.25,0.0904,10,4.875,1,0,0,0,0,1,0,1,0,Kathmandu
1.833333333,2.624671916,2,11,0.0987,19.99485729,2.430625,0,1,0,0,0,0,1,1,0,Kathmandu
3.75,4.304461942,3,8,0.0721,14,3.47,0,1,0,0,0,0,1,0,1,Lalitpur
5.166666667,4.304461942,9,1.5,0.067,10,4.82,1,0,0,0,0,0,1,1,0,Kathmandu
3.916666667,3.280839895,5,3,0.067,12,4,0,1,0,0,0,1,0,1,0,Kathmandu
3.5,4.304461942,1.5,3.1875,0.0721,6,8,1,0,0,0,0,1,0,0,1,Lalitpur
2.75,1.640419948,3,1.625,0.0904,6,8,1,0,0,0,0,1,0,0,1,Lalitpur
3.666666667,6.456692913,20,2,0.0721,3,16,1,0,0,0,0,0,1,1,0,Kathmandu
2.75,6.456692913,20,3.3,0.0904,9,5.33,0,1,0,0,0,0,1,0,0,Bhaktapur
1.416666667,1.312335958,7,0.32,0.0987,1.499853347,31.963125,0,0,1,0,0,0,1,1,0,Kathmandu
2.333333333,4.304461942,7,3.3,0.0904,7,6.83,1,0,0,0,0,0,1,1,0,Kathmandu
2.833333333,1.312335958,2,1,0.0904,5.5,8.66,0,0,1,0,0,0,1,0,1,Lalitpur
2,3.937007874,10,1.65,0.0904,7.997479786,5.951875,1,0,0,0,0,0,1,1,0,Kathmandu
4.333333333,6.56167979,1.5,7,0.067,40,1.1875,0,1,0,0,0,0,1,0,1,Lalitpur
1.833333333,3.937007874,1.05,1,0.0987,6,7.875,1,0,0,0,0,1,0,1,0,Kathmandu
1.916666667,4.304461942,10,2.75,0.0987,11.99426295,3.921875,0,1,0,0,0,0,1,0,1,Lalitpur
3.583333333,4.304461942,20,3,0.0721,8,5.87,1,0,0,0,0,0,1,1,0,Kathmandu
0.916666667,3.280839895,1.5,2.5,0.0831,12.00767754,3.9075,1,0,0,0,0,0,1,1,0,Kathmandu
2.833333333,5.249343832,1.5,1.5,0.0904,5.5,8.5,1,0,0,0,0,0,1,1,0,Kathmandu
2.666666667,3.280839895,10,5,0.0904,12,3.88,0,0,0,1,0,0,1,1,0,Kathmandu
2.25,3.280839895,7,4,0.0904,16,2.88,0,1,0,0,0,0,1,1,0,Kathmandu
1.416666667,3.280839895,0.5,1.15,0.0987,6,7.65,1,0,0,0,0,1,0,1,0,Kathmandu
3.916666667,6.456692913,10,2,0.0721,3.2,14.34,1,0,0,0,0,0,1,1,0,Kathmandu
4.416666667,4.304461942,1,2.675,0.093,12.5,3.66,0,0,0,1,0,1,0,1,0,Kathmandu
2.333333333,9.842519685,1.3,12,0.0904,27,1.69,0,1,0,0,0,0,1,1,0,Kathmandu
4.416666667,1.640419948,8,9,0.093,11,4.12,0,0,1,0,0,0,1,1,0,Kathmandu
2.583333333,11.83727034,40,2.5,0.0904,4,11.31,0,1,0,0,0,0,1,0,0,Bhaktapur
2.833333333,3.937007874,0.5,7,0.0904,15,3,0,1,0,0,0,0,1,1,0,Kathmandu
2.333333333,3.280839895,20,2.1,0.0904,4,11.25,1,0,0,0,0,0,1,1,0,Kathmandu
3.583333333,4.304461942,15,1.5,0.0721,3,14.93,1,0,0,0,0,0,1,1,0,Kathmandu
1.916666667,3.280839895,0.5,4.4,0.0987,11.9919409,3.7225,0,1,0,0,0,0,1,1,0,Kathmandu
3.25,4.304461942,1,7,0.0721,10,4.45,0,1,0,0,0,0,1,1,0,Kathmandu
5.25,1.312335958,1,3.25,0.067,11,4.04,0,0,1,0,0,0,1,1,0,Kathmandu
4.166666667,4.304461942,15,3.5,0.093,10,4.435,1,0,0,0,0,0,1,1,0,Kathmandu
4.416666667,2.624671916,8,12,0.093,12,3.68,1,0,0,0,0,0,1,1,0,Kathmandu
4.166666667,4.304461942,7,4.5,0.093,10,4.4,1,0,0,0,0,0,1,1,0,Kathmandu
2.416666667,1.312335958,5,6,0.0904,8,5.5,0,0,1,0,0,0,1,1,0,Kathmandu
2,3.937007874,1,7.15,0.0904,11,4,1,0,0,0,0,0,1,1,0,Kathmandu
2.083333333,7.532808399,0.5,7.15,0.0904,17.5,2.5,0,1,0,0,0,1,0,1,0,Kathmandu
2.666666667,2.624671916,2,0.75,0.0904,4,10.85,0,0,1,0,0,0,1,0,1,Lalitpur
1.083333333,2.296587927,2,5.56,0.0987,6.010911925,7.216875,0,0,1,0,0,0,1,1,0,Kathmandu
2.916666667,2.624671916,6,5,0.067,6.5,6.66,1,0,0,0,0,1,0,1,0,Kathmandu
3.583333333,1.076115486,1.5,0.5,0.0721,1.5,28.77,0,0,1,0,0,0,0,1,0,Kathmandu
3.083333333,4.304461942,1,5,0.0721,15,2.87,1,0,0,0,0,0,1,1,0,Kathmandu
4.25,4.304461942,5,4,0.093,8,5.38,0,1,0,0,0,0,1,0,1,Lalitpur
1.333333333,3.937007874,5,8,0.0987,12.98770104,3.303125,1,0,0,0,0,0,1,1,0,Kathmandu
4.166666667,6.56167979,2.6,4.5,0.067,14,3.0625,1,0,0,0,0,1,0,1,0,Kathmandu
2.333333333,4.304461942,7,7.15,0.0904,10,4.25,0,1,0,0,0,0,1,1,0,Kathmandu
0,1.312335958,5,6,0.0831,18.02864721,2.35625,0,0,1,0,0,0,1,1,0,Kathmandu
2.5,1.312335958,2,2,0.0904,2,21.21,0,0,1,0,0,0,0,1,0,Kathmandu
0.916666667,5.249343832,20,1.3125,0.0831,4.251331203,9.976875,0,1,0,0,0,0,1,0,1,Lalitpur
3.083333333,4.304461942,15,5.5,0.0721,6.5,6.5,1,0,0,0,0,0,1,1,0,Kathmandu
2.916666667,2.624671916,6,5,0.067,6.5,6.5,0,0,0,0,0,1,0,1,0,Kathmandu
4.333333333,3.608923885,8.5,7,0.067,12,3.5,1,0,0,0,0,1,0,1,0,Kathmandu
4.5,4.304461942,3,2,0.093,12,3.5,1,0,0,0,0,0,1,0,0,Bhaktapur
4.083333333,3.937007874,3,2,0.067,7,6,1,0,0,0,0,0,1,1,0,Kathmandu
1.583333333,4.921259843,5,7.15,0.0987,12,3.5,0,1,0,0,0,0,1,1,0,Kathmandu
1.583333333,3.937007874,5,7,0.0987,12,3.5,0,0,0,0,1,1,0,1,0,Kathmandu
0.916666667,3.280839895,1.5,5.5,0.0831,12,3.5,0,1,0,0,0,1,0,1,0,Kathmandu
1.75,4.265091864,20,0.074,0.0987,0.400011985,104.296875,0,0,1,0,0,0,1,1,0,Kathmandu
2.25,6.456692913,2,1.5,0.0904,6,6.92,0,0,0,1,0,0,1,0,0,Bhaktapur
4.416666667,6.56167979,1,4,0.067,15,2.75,1,0,0,0,0,0,1,1,0,Kathmandu
3.833333333,3.937007874,20,4,0.067,10,4.125,1,0,0,0,0,1,0,1,0,Kathmandu
3.083333333,4.304461942,2,6,0.0721,13,3.17,0,1,0,0,0,0,1,1,0,Kathmandu
1.666666667,6.456692913,,5.5,0.0987,11.51608392,3.575,0,0,0,1,0,1,0,1,0,Kathmandu
5.25,4.304461942,3,1,0.067,7,5.87,1,0,0,0,0,0,1,1,0,Kathmandu
4.166666667,4.304461942,10,1.5,0.093,2.6,15.71,0,0,1,0,0,0,1,1,0,Kathmandu
3.75,4.304461942,20,2,0.0721,7.5,5.44,1,0,0,0,0,0,1,0,1,Lalitpur
1.916666667,1.312335958,0.6,8,0.0987,19.98163453,2.041875,0,0,1,0,0,1,0,1,0,Kathmandu
4.666666667,8,0.04,5.5,0.093,12.5,3.25,1,0,0,0,0,0,1,1,0,Kathmandu
3.083333333,4.304461942,1.05,4.5,0.0721,9,4.5,1,0,0,0,0,0,1,1,0,Kathmandu
5.25,2.624671916,1,3,0.067,9,4.5,1,0,0,0,0,0,1,0,0,Bhaktapur
1.916666667,3.937007874,5,1,0.0987,6.500100908,6.19375,1,0,0,0,0,0,1,1,0,Kathmandu
2.166666667,3.280839895,0.6,2.2,0.0904,9,4.46,1,0,0,0,0,0,1,1,0,Kathmandu
3,1.312335958,0.6,10,0.0721,80,0.5,0,0,1,0,0,1,0,1,0,Kathmandu
3.583333333,4.265091864,0.5,8,0.0721,16,2.5,0,1,0,0,0,1,0,0,1,Lalitpur
3.583333333,4.265091864,0.5,8,0.0721,16,2.5,0,1,0,0,0,1,0,0,1,Lalitpur
3.166666667,4.304461942,5,2.25,0.0721,10,4,1,0,0,0,0,0,1,1,0,Kathmandu
3.083333333,2,15,1.5,0.0721,2.5,16,0,0,1,0,0,0,1,1,0,Kathmandu
4.083333333,6.456692913,50,2,0.093,2,20,1,0,0,0,0,0,1,1,0,Kathmandu
1.75,5.905511811,1.25,17,0.0987,125.2446184,0.319375,0,1,0,0,0,1,0,1,0,Kathmandu
2,3.937007874,1,0.98,0.0904,6.994631314,5.704375,1,0,0,0,0,0,1,1,0,Kathmandu
0.916666667,4.304461942,0.8,4.4,0.0831,12,3.32,1,0,0,0,0,0,1,1,0,Kathmandu
2.416666667,6.56167979,25,1.6,0.0904,3.5,11.36,0,0,0,1,0,0,1,1,0,Kathmandu
2.916666667,1.312335958,5,8,0.0904,11,3.61,0,0,1,0,0,1,0,1,0,Kathmandu
1.25,3.280839895,2.5,4.53125,0.0987,3.000283474,13.22875,1,0,0,0,0,0,1,0,1,Lalitpur
1.5,3.937007874,1,2.5875,0.0987,12.99201311,3.051875,0,0,0,1,0,1,0,0,1,Lalitpur
3.583333333,10.76115486,2,7,0.0721,17,2.32,0,1,0,0,0,1,0,1,0,Kathmandu
1.666666667,8,3,6,0.0987,10.00634921,3.9375,0,0,1,0,0,0,1,1,0,Kathmandu
1.666666667,3.280839895,5,4,0.0987,9.00128737,4.369375,0,0,0,0,1,0,1,1,0,Kathmandu
3.666666667,3.937007874,4,2.25,0.067,8,4.9125,1,0,0,0,0,1,0,1,0,Kathmandu
4.166666667,4.304461942,5,24,0.093,45,0.87,0,1,0,0,0,1,0,1,0,Kathmandu
1.333333333,3.937007874,3.5,2.2,0.0987,14.99640891,2.610625,1,0,0,0,0,0,1,1,0,Kathmandu
2.5,4.304461942,17,2.5,0.0904,9,4.34,0,0,0,1,0,0,1,1,0,Kathmandu
2.5,4.304461942,17,2.5,0.0904,9,4.34,0,0,0,1,0,0,1,1,0,Kathmandu
1.666666667,1.312335958,3,0.12,0.0987,2,19.5,0,0,1,0,0,0,1,1,0,Kathmandu
2.416666667,3.280839895,15,0.90625,0.0904,7,5.56,1,0,0,0,0,1,0,0,1,Lalitpur
4.166666667,3.280839895,3,7,0.093,10.5,3.7,1,0,0,0,0,0,1,1,0,Kathmandu
3.916666667,4.265091864,2.5,5.5,0.067,13.5,2.875,1,0,0,0,0,1,0,1,0,Kathmandu
1.916666667,3.280839895,10,2.5,0.0987,9.996779388,3.88125,0,0,0,1,0,0,1,1,0,Kathmandu
4.083333333,3.280839895,1.1,6.6,0.067,20,1.9375,0,0,1,0,0,1,0,1,0,Kathmandu
5.166666667,6.56167979,7,3,0.067,11,3.52,1,0,0,0,0,1,0,1,0,Kathmandu
2.333333333,6.56167979,1,2.45,0.0904,8.5,4.54,1,0,0,0,0,0,1,1,0,Kathmandu
2.333333333,6.56167979,1,2.75,0.0904,9.5,4.06,1,0,0,0,0,0,1,1,0,Kathmandu
2.333333333,2.624671916,5,1.8125,0.0904,9,4.28,1,0,0,0,0,0,1,0,1,Lalitpur
1.166666667,7.217847769,15,3.3,0.0987,4.997562957,7.69375,0,1,0,0,0,0,1,1,0,Kathmandu
3.583333333,1.312335958,25,2,0.0721,7.5,5.1,0,0,1,0,0,0,1,0,0,Bhaktapur
4.333333333,4.304461942,10,3,0.093,11,3.47,1,0,0,0,0,0,1,1,0,Kathmandu
1.333333333,4.593175853,3,3.34375,0.0987,1.24989728,30.4225,0,0,0,1,0,0,1,0,1,Lalitpur
4.5,3.937007874,3,4,0.093,8,4.75,1,0,0,0,0,0,1,1,0,Kathmandu
4.166666667,1.312335958,5,12,0.093,15,2.52,0,0,1,0,0,1,0,1,0,Kathmandu
1.916666667,1.968503937,3,2.1,0.0987,4.002647254,9.44375,1,0,0,0,0,0,1,1,0,Kathmandu
4.583333333,1.312335958,15,5.5,0.093,10.75,3.5,0,0,1,0,0,1,0,1,0,Kathmandu
3.166666667,3.280839895,0.2,11,0.0721,30,1.25,0,0,1,0,0,1,0,1,0,Kathmandu
4.416666667,3.280839895,5,12,0.067,15,2.5,1,0,0,0,0,0,1,1,0,Kathmandu
2.416666667,2.952755906,3,9,0.0904,15,2.5,0,1,0,0,0,0,1,1,0,Kathmandu
4,3.280839895,5,6.5,0.093,15,2.5,0,1,0,0,0,0,1,1,0,Kathmandu
2.916666667,4.593175853,1.5,6,0.067,15,2.5,1,0,0,0,0,1,0,1,0,Kathmandu
4.166666667,8.608923885,3,1.5,0.093,7.5,5,1,0,0,0,0,0,1,0,0,Bhaktapur
4.416666667,4.304461942,5,2,0.093,6,6.25,1,0,0,0,0,0,1,1,0,Kathmandu
1.583333333,3.937007874,5,1.8125,0.0987,5.497745468,6.791875,0,1,0,0,0,0,1,0,1,Lalitpur
3.166666667,7.217847769,1.5,3,0.0721,10,3.73,0,1,0,0,0,0,1,1,0,Kathmandu
4.25,6.456692913,4,3,0.093,15,2.47,1,0,0,0,0,0,1,1,0,Kathmandu
4.416666667,4.304461942,15,2,0.093,2.5,14.81,1,0,0,0,0,0,1,1,0,Kathmandu
4.083333333,1,10,0.5,0.093,2,18.5,0,0,0,0,0,0,0,0,1,Lalitpur
1.416666667,2.624671916,,8,0.0987,20.01352265,1.84875,0,0,0,0,1,1,0,1,0,Kathmandu
1.583333333,5.380577428,0.5,4,0.0987,9.50329529,3.888125,0,1,0,0,0,0,1,1,0,Kathmandu
3,4.304461942,1.05,7.7,0.0721,10,3.68,1,0,0,0,0,0,1,1,0,Kathmandu
3,4.304461942,1.05,7,0.0721,10,3.68,1,0,0,0,0,0,1,1,0,Kathmandu
2.666666667,3.280839895,10,3,0.0904,2.5,14.72,1,0,0,0,0,0,1,1,0,Kathmandu
2.166666667,3,15,1,0.0904,3.235271425,11.340625,0,0,1,0,0,0,1,0,0,Bhaktapur
4.666666667,4.304461942,4,7.7,0.093,13.5,2.68,0,1,0,0,0,0,1,1,0,Kathmandu
4.166666667,2.624671916,5,14,0.067,18,2,0,0,1,0,0,1,0,1,0,Kathmandu
3.083333333,4.304461942,10,11,0.0721,12,3,0,0,0,1,0,0,1,1,0,Kathmandu
2.333333333,2.624671916,3,7,0.0904,12,3,1,0,0,0,0,1,0,1,0,Kathmandu
3.166666667,3.280839895,3,5,0.0721,12,3,1,0,0,0,0,0,1,1,0,Kathmandu
4,3.608923885,1,4,0.093,12,3,1,0,0,0,0,1,0,1,0,Kathmandu
4.666666667,4.304461942,15,3.8148,0.093,12,3,1,0,0,0,0,0,1,0,1,Lalitpur
2.916666667,3.280839895,1,3,0.067,12,3,1,0,0,0,0,1,0,1,0,Kathmandu
4.083333333,3.937007874,3.5,6,0.067,9,4,1,0,0,0,0,1,0,1,0,Kathmandu
2.5,5.905511811,3,1.5,0.067,9,4,1,0,0,0,0,1,0,1,0,Kathmandu
2.416666667,3.937007874,5,2.1,0.0904,6,6,1,0,0,0,0,1,0,1,0,Kathmandu
2.416666667,3.937007874,5,2.1,0.0904,6,6,1,0,0,0,0,1,0,1,0,Kathmandu
1.416666667,2.624671916,2,9,0.0987,18,2,0,1,0,0,0,1,0,1,0,Kathmandu
1.583333333,0.984251969,5,8,0.0987,9,4,0,0,1,0,0,0,1,1,0,Kathmandu
1.416666667,3.937007874,0.5,5,0.0987,20.02781641,1.7975,0,0,0,0,1,0,1,1,0,Kathmandu
5.25,4.304461942,2,1,0.067,10,3.58,1,0,0,0,0,0,1,1,0,Kathmandu
1.916666667,3.937007874,2.5,1,0.0987,6.5,5.5,1,0,0,0,0,0,1,1,0,Kathmandu
1.666666667,2.152230971,,1.9,0.0987,8.992921189,3.973125,1,0,0,0,0,1,0,1,0,Kathmandu
1.75,2.624671916,4,7.15,0.0987,10.00876117,3.566875,1,0,0,0,0,0,1,1,0,Kathmandu
3.833333333,4.304461942,5,3,0.0721,8.25,4.29,1,0,0,0,0,0,1,1,0,Kathmandu
3.75,4.304461942,1.8,7,0.0721,10,3.52,0,0,0,0,1,1,0,1,0,Kathmandu
4,1.312335958,0.5,2.5,0.093,10,3.5,0,0,1,0,0,0,1,1,0,Kathmandu
4.333333333,2.296587927,4,2.25,0.067,8,4.375,0,1,0,0,0,0,1,1,0,Kathmandu
2.916666667,3.937007874,5,0.9,0.0904,7,5,1,0,0,0,0,0,1,1,0,Kathmandu
0.833333333,3.937007874,3,4.1,0.0831,7,5,1,0,0,0,0,0,1,1,0,Kathmandu
2.666666667,2.624671916,2,4,0.0904,6,5.83,1,0,0,0,0,0,1,1,0,Kathmandu
2.25,1.312335958,2,2.75,0.0904,6.5,5.37,0,0,1,0,0,0,1,1,0,Kathmandu
2.75,6.456692913,1.05,10,0.0904,45,0.77,0,1,0,0,0,0,1,1,0,Kathmandu
3.916666667,0.984251969,0.5,0.5,0.0721,2.5,13.8,0,0,1,0,0,0,1,0,0,Bhaktapur
2.916666667,6.56167979,1.05,4,0.067,7,4.9,1,0,0,0,0,1,0,1,0,Kathmandu
2.75,1.312335958,2,7,0.0904,8,4.25,0,0,1,0,0,0,1,1,0,Kathmandu
4.5,15.0656168,12,1.5,0.067,8,4.25,1,0,0,0,0,0,1,1,0,Kathmandu
2.583333333,3.937007874,1.05,5,0.0904,10,3.39,0,1,0,0,0,0,1,1,0,Kathmandu
3.083333333,2.624671916,0.6,8,0.0721,13,2.6,0,0,1,0,0,1,0,1,0,Kathmandu
3,7.532808399,1,14,0.0721,25,1.35,0,1,0,0,0,1,0,1,0,Kathmandu
0.833333333,3.280839895,1,4.1,0.0831,9.004526404,3.728125,1,0,0,0,0,0,1,1,0,Kathmandu
1,3.280839895,1,4.1,0.0987,9.004526404,3.728125,1,0,0,0,0,0,1,1,0,Kathmandu
4.166666667,4.265091864,4,3.5,0.067,3.5,9.5625,1,0,0,0,0,0,0,0,1,Lalitpur
2.416666667,4.304461942,2,2,0.0904,11,3.03,1,0,0,0,0,0,1,0,0,Bhaktapur
4,3.937007874,3,4,0.093,7,4.75,1,0,0,0,0,0,1,1,0,Kathmandu
4.25,1,7,0.35,0.093,1.75,18.93,0,0,0,0,0,0,1,1,0,Kathmandu
2.25,3.280839895,5,7,0.0904,9,3.67,1,0,0,0,0,0,1,1,0,Kathmandu
2.75,0.984251969,10,1.125,0.0904,5.5,6,0,0,1,0,0,0,1,0,1,Lalitpur
1.583333333,1.312335958,0.3,2.75,0.0987,12,2.75,0,0,1,0,0,0,1,1,0,Kathmandu
2.833333333,4.304461942,2,3,0.0904,7.3,4.5,1,0,0,0,0,0,1,1,0,Kathmandu
3.25,2.624671916,5,5,0.0721,10,3.27,1,0,0,0,0,0,1,1,0,Kathmandu
4,3.280839895,4,4,0.093,10,3.25,1,0,0,0,0,0,1,1,0,Kathmandu
2.5,5.380577428,2,4,0.0904,6.5,5,1,0,0,0,0,0,1,1,0,Kathmandu
4.416666667,3.937007874,17.5,2.25,0.067,6.5,5,1,0,0,0,0,1,0,1,0,Kathmandu
3.5,2.624671916,25,1,0.0721,2.5,13,0,0,1,0,0,0,1,1,0,Kathmandu
0.833333333,3.280839895,3,1.4,0.0831,7.001886284,4.63875,0,1,0,0,0,0,1,1,0,Kathmandu
4.666666667,4.304461942,2,3,0.093,8.8,3.66,1,0,0,0,0,0,1,1,0,Kathmandu
1,6.456692913,,6,0.0987,13.00658228,2.46875,0,1,0,0,0,1,0,1,0,Kathmandu
4.166666667,0.984251969,1.5,5.5,0.093,8.25,3.89,0,0,1,0,0,0,1,1,0,Kathmandu
3.916666667,3.937007874,3.5,2,0.067,9,3.5625,1,0,0,0,0,0,1,1,0,Kathmandu
3.083333333,3.937007874,10,4,0.0721,10.5,3.05,1,0,0,0,0,0,1,1,0,Kathmandu
3,0.984251969,25,0.5,0.0721,2,16,0,0,1,0,0,0,0,0,1,Lalitpur
1.583333333,3.937007874,12,1.75,0.0987,8,4,0,0,0,1,0,0,1,0,0,Bhaktapur
2.5,3.608923885,3,2.5,0.0904,10,3.19,1,0,0,0,0,1,0,1,0,Kathmandu
3.916666667,4.304461942,3,4,0.0721,8,3.97,0,1,0,0,0,0,1,1,0,Kathmandu
2.416666667,5.380577428,3,4.1,0.0904,15,2.1,0,1,0,0,0,0,1,1,0,Kathmandu
4.166666667,4.265091864,4,3.5,0.067,6,5.25,1,0,0,0,0,0,1,0,1,Lalitpur
4,6.456692913,5,1.5,0.093,1.5,21,0,0,0,1,0,0,1,1,0,Kathmandu
2.166666667,6.56167979,10,0.06,0.0904,15.89247016,1.976407675,0,0,0,1,0,0,1,0,0,Bhaktapur
1.333333333,3.937007874,1,3.65,0.0987,8,3.92,1,0,0,0,0,0,1,1,0,Kathmandu
3.166666667,4.304461942,5,1.25,0.0721,7,4.47,1,0,0,0,0,0,1,0,1,Lalitpur
4.333333333,4.265091864,8,1,0.067,5,6.25,1,0,0,0,0,0,1,0,1,Lalitpur
1.916666667,1.312335958,4,4.88,0.0987,7.980815348,3.909375,0,0,1,0,0,0,1,1,0,Kathmandu
1.833333333,1.312335958,2,4.4,0.0987,12.4,2.5,1,0,0,0,0,1,0,1,0,Kathmandu
0.833333333,1.312335958,0.5,0.5,0.0831,4.995467822,6.205625,0,0,1,0,0,0,1,1,0,Kathmandu
3.583333333,4.304461942,25,2,0.0721,7.5,4.13,1,0,0,0,0,0,1,1,0,Kathmandu
2.666666667,6.456692913,15,0.7,0.0904,1,30.96,1,0,0,0,0,0,1,0,0,Bhaktapur
1.25,2.624671916,1,6,0.0987,8.988568318,3.444375,1,0,0,0,0,0,1,1,0,Kathmandu
1.083333333,7.217847769,,5.5,0.0987,14.98181818,2.0625,0,1,0,0,0,1,0,1,0,Kathmandu
2.416666667,3.228346457,1.05,1,0.0904,9.5,3.25,0,0,0,1,0,0,1,1,0,Kathmandu
1.916666667,5.905511811,5,2.1,0.0987,5.498772595,5.60125,1,0,0,0,0,0,1,1,0,Kathmandu
3.833333333,15.0656168,25,2,0.067,2,15.375,1,0,0,0,0,1,0,1,0,Kathmandu
3.25,2.624671916,0.3,3,0.0721,12,2.56,1,0,0,0,0,0,1,1,0,Kathmandu
5.083333333,3.280839895,5,3,0.067,10,3.06,1,0,0,0,0,0,1,1,0,Kathmandu
4.666666667,4.304461942,2,2.25,0.093,8.5,3.58,1,0,0,0,0,0,1,1,0,Kathmandu
1.75,3.280839895,1.15,12,0.0987,20.01646091,1.51875,0,1,0,0,0,0,1,1,0,Kathmandu
1.333333333,1.312335958,1,6,0.0987,8.009221143,3.795625,0,0,1,0,0,0,1,1,0,Kathmandu
1.416666667,6.56167979,1,1,0.0987,7.989487516,3.805,0,0,0,1,0,0,1,1,0,Kathmandu
1,4.593175853,10,1,0.0987,2.750466708,11.048125,1,0,0,0,0,0,1,1,0,Kathmandu
3.916666667,3.280839895,19,3,0.0721,9.5,3.1875,0,0,0,0,0,0,1,1,0,Kathmandu
1.916666667,4.304461942,5,1,0.0987,8.0026534,3.76875,1,0,0,0,0,0,1,1,0,Kathmandu
2,3.280839895,5,4.4,0.0904,6.929496403,4.34375,1,0,0,0,0,0,1,1,0,Kathmandu
3.25,3.280839895,5,13,0.0721,15,2,0,1,0,0,0,0,1,1,0,Kathmandu
3.083333333,1.312335958,3,8,0.0721,12,2.5,0,0,1,0,0,0,1,1,0,Kathmandu
4.083333333,6.456692913,5,2.75,0.093,12,2.5,0,1,0,0,0,0,1,1,0,Kathmandu
2.583333333,3.280839895,1,5,0.0904,10,3,1,0,0,0,0,1,0,1,0,Kathmandu
4.666666667,4.304461942,5,5,0.093,10,3,1,0,0,0,0,0,1,1,0,Kathmandu
4.166666667,3.280839895,2,3,0.093,10,3,1,0,0,0,0,0,1,1,0,Kathmandu
2.583333333,3.280839895,10,2,0.0904,10,3,1,0,0,0,0,1,0,0,1,Lalitpur
2.416666667,6.456692913,2,1.75,0.0904,8,3.75,0,0,0,1,0,0,1,0,0,Bhaktapur
4.083333333,4.593175853,3,4,0.067,7.5,4,0,1,0,0,0,0,1,1,0,Kathmandu
2.583333333,3.280839895,14,2.25,0.0904,5,6,1,0,0,0,0,1,0,1,0,Kathmandu
3.416666667,10.76115486,40,0.5,0.0721,5,6,1,0,0,0,0,0,1,1,0,Kathmandu
4.166666667,1,5,0.5,0.093,3,10,0,0,0,0,0,0,0,1,0,Kathmandu
4.166666667,4.304461942,3,1.5,0.093,2,15,1,0,0,0,0,0,1,1,0,Kathmandu
4.5,6.56167979,3,1.5,0.093,2,15,1,0,0,0,0,0,1,1,0,Kathmandu
0.833333333,6.456692913,1.5,9,0.0831,20,1.5,0,0,0,0,0,1,0,1,0,Kathmandu
0.916666667,0.984251969,1,4.4,0.0831,10,3,0,0,1,0,0,0,1,1,0,Kathmandu
1.083333333,2.624671916,5,1.5,0.0987,10,3,1,0,0,0,0,0,1,1,0,Kathmandu
2.166666667,3.280839895,0.6,0.98,0.0904,8,3.75,1,0,0,0,0,0,1,1,0,Kathmandu
2.25,2.624671916,5,7,0.0904,9,3.33,1,0,0,0,0,0,1,1,0,Kathmandu
0.833333333,4.304461942,5,7.7,0.0831,15.95733333,1.875,0,1,0,0,0,0,1,1,0,Kathmandu
3.333333333,3.280839895,0.2,6,0.067,12,2.49,0,1,0,0,0,1,0,1,0,Kathmandu
0.833333333,3.937007874,1,5.5,0.0831,12.00302496,2.479375,0,1,0,0,0,0,1,1,0,Kathmandu
1.416666667,3.937007874,1.5,4.4,0.0987,8.5,3.5,1,0,0,0,0,0,1,1,0,Kathmandu
3.583333333,4.304461942,25,2,0.0721,7.5,3.96,1,0,0,0,0,0,1,1,0,Kathmandu
1.5,3.280839895,1,3,0.0987,7.00621118,4.22625,1,0,0,0,0,0,1,1,0,Kathmandu
5.083333333,4.304461942,20,3,0.067,10,2.96,1,0,0,0,0,0,1,1,0,Kathmandu
3.25,6.456692913,2,8,0.0721,15,1.97,0,1,0,0,0,1,0,1,0,Kathmandu
3.583333333,4.304461942,10,3.8148,0.0721,12,2.45,1,0,0,0,0,0,1,0,1,Lalitpur
0.916666667,1.968503937,2,6,0.0831,9.983022071,2.945,0,0,0,0,1,0,1,1,0,Kathmandu
5.25,1.640419948,1,5,0.067,19.78965082,1.485625,0,0,1,0,0,1,0,1,0,Kathmandu
2.25,1.968503937,1,9.9,0.0904,19.94876174,1.46375,0,0,0,1,0,1,0,1,0,Kathmandu
4.416666667,3.280839895,15,3,0.093,12,2.43,1,0,0,0,0,0,1,1,0,Kathmandu
2.583333333,3.937007874,3,1.5,0.0904,7.25,4,0,0,0,1,0,0,1,1,0,Kathmandu
4.5,6.456692913,9,1.6,0.093,3,9.64,1,0,0,0,0,0,1,0,1,Lalitpur
3.916666667,6.456692913,2,2.25,0.0721,7,4.125,0,0,0,1,0,0,1,1,0,Kathmandu
3.833333333,4.304461942,5,3.5,0.0721,6.5,4.44,1,0,0,0,0,0,1,1,0,Kathmandu
2.583333333,4.304461942,3,3,0.0904,7,4.12,1,0,0,0,0,0,1,1,0,Kathmandu
2.25,1.968503937,5,0.875,0.0904,6,4.79,0,0,1,0,0,0,1,0,1,Lalitpur
1.416666667,3.280839895,2,3,0.0987,9.007058824,3.1875,1,0,0,0,0,0,1,1,0,Kathmandu
2.583333333,4.304461942,5,4,0.0904,8.5,3.365,0,0,0,1,0,0,1,1,0,Kathmandu
2.333333333,4.265091864,15,4,0.0904,10,2.86,0,1,0,0,0,0,1,1,0,Kathmandu
3.333333333,3.280839895,2,3,0.067,6,4.75,1,0,0,0,0,1,0,1,0,Kathmandu
2,7.217847769,10,2.75,0.0904,10.01322168,2.83625,0,1,0,0,0,0,1,1,0,Kathmandu
2.333333333,3.937007874,1.05,10,0.0904,35,0.81,0,0,0,0,1,0,1,1,0,Kathmandu
0.75,3.280839895,1,1,0.0831,6.9527897,4.0775,1,0,0,0,0,0,1,1,0,Kathmandu
4.083333333,4.304461942,1,3.02005,0.093,12,2.36,1,0,0,0,0,0,1,0,1,Lalitpur
2.166666667,1.640419948,15,1,0.0904,3.498914729,8.0625,0,0,1,0,0,0,1,0,0,Bhaktapur
0.833333333,1.968503937,1.5,8,0.0831,15.01997337,1.8775,0,1,0,0,0,0,1,1,0,Kathmandu
5.25,1.312335958,2,1.5,0.067,9,3.13,0,0,1,0,0,0,1,1,0,Kathmandu
5.25,1.312335958,2,7,0.067,8,3.52,0,0,1,0,0,1,0,1,0,Kathmandu
4.166666667,3.280839895,7,4.5,0.093,4.5,6.25,1,0,0,0,0,0,1,1,0,Kathmandu
4,4.304461942,10,1.5,0.093,2.25,12.5,1,0,0,0,0,0,1,1,0,Kathmandu
3,1.968503937,2,1.25,0.0721,10,2.81,0,0,1,0,0,0,1,0,0,Bhaktapur
2.416666667,3.280839895,2,5.5,0.0904,11,2.55,0,0,0,1,0,0,1,1,0,Kathmandu
2.916666667,4.265091864,3,4.5,0.067,8,3.5,1,0,0,0,0,1,0,1,0,Kathmandu
2.583333333,3.937007874,1.05,5,0.0904,7,4,1,0,0,0,0,0,1,1,0,Kathmandu
4.25,4.593175853,40,5,0.067,7,4,1,0,0,0,0,0,1,1,0,Kathmandu
4,4.304461942,6,3.3,0.093,7,4,1,0,0,0,0,0,1,1,0,Kathmandu
3,4.304461942,5,1,0.0721,3.5,8,1,0,0,0,0,0,1,1,0,Kathmandu
1.333333333,3.937007874,2,1.6,0.0987,5.995165189,4.65375,1,0,0,0,0,0,1,1,0,Kathmandu
1.5,1.968503937,,4.4,0.0987,6.992313726,3.984375,0,0,1,0,0,0,1,1,0,Kathmandu
3.75,4.304461942,2,4.5,0.0721,9.25,3,1,0,0,0,0,0,1,1,0,Kathmandu
3.25,4.304461942,5,1.25,0.0721,7,3.95,1,0,0,0,0,0,1,0,1,Lalitpur
2.166666667,2.624671916,15,1,0.0904,3.499723123,7.900625,0,0,1,0,0,0,1,0,0,Bhaktapur
4.333333333,3.280839895,15,3,0.093,8.5,3.25,1,0,0,0,0,0,1,1,0,Kathmandu
4.083333333,3.280839895,2,3.3,0.093,8,3.45,0,0,0,1,0,0,1,1,0,Kathmandu
3.916666667,2.952755906,2.5,8,0.067,10,2.75,0,0,1,0,0,1,0,1,0,Kathmandu
4.333333333,4.265091864,8,1,0.067,5,5.5,1,0,0,0,0,1,0,0,1,Lalitpur
1.333333333,3.280839895,10,1.25,0.0987,5,5.5,1,0,0,0,0,0,1,0,0,Bhaktapur
4.666666667,1.312335958,4,3,0.093,6,4.57,0,0,1,0,0,0,1,1,0,Kathmandu
1.416666667,2.624671916,2,0.1,0.0987,0.999724138,27.1875,0,0,1,0,0,0,1,1,0,Kathmandu
4.416666667,3.280839895,10,3,0.093,7.12,3.81,1,0,0,0,0,0,1,1,0,Kathmandu
4.416666667,1.312335958,25,1,0.093,7,3.87,0,0,1,0,0,0,1,0,0,Bhaktapur
2,10.82677165,2,2.1,0.0904,7.007922393,3.865625,1,0,0,0,0,0,1,1,0,Kathmandu
3,3.937007874,4,0.5625,0.067,6,4.5,1,0,0,0,0,1,0,0,1,Lalitpur
3.5,1.312335958,1,2.75,0.0721,9,3,0,0,1,0,0,0,1,1,0,Kathmandu
4.916666667,2.624671916,0.5,4,0.093,9.003764115,2.98875,0,1,0,0,0,0,1,1,0,Kathmandu
4.583333333,4.304461942,5,3.5,0.093,10,2.69,1,0,0,0,0,0,1,1,0,Kathmandu
1.083333333,0.984251969,3,6,0.0987,7.994052045,3.3625,0,0,1,0,0,0,1,1,0,Kathmandu
1.083333333,3.937007874,3,1.65,0.0987,6.001674574,4.47875,0,0,0,1,0,0,1,1,0,Kathmandu
1,3.280839895,11,2.75,0.0987,6.046595386,4.4425,0,1,0,0,0,0,1,0,0,Bhaktapur
3.25,2.952755906,2,5,0.0721,10,2.67,0,1,0,0,0,0,1,1,0,Kathmandu
1.5,4.593175853,5,1.5,0.0987,7.005776531,3.786875,1,0,0,0,0,0,1,1,0,Kathmandu
3.083333333,4.304461942,7,3,0.0721,8.5,3.12,1,0,0,0,0,0,1,1,0,Kathmandu
2.166666667,8.202099738,1,10,0.0904,24.94117647,1.0625,0,0,0,0,1,0,1,1,0,Kathmandu
4.166666667,4.304461942,10,2,0.093,3.65,7.25,1,0,0,0,0,0,1,1,0,Kathmandu
5.166666667,3.937007874,1.5,3,0.067,9,2.94,1,0,0,0,0,0,1,0,1,Lalitpur
1.833333333,4.265091864,10,3,0.0987,7.983367983,3.306875,1,0,0,0,0,0,1,1,0,Kathmandu
2.416666667,1.968503937,0.5,3.4,0.0904,16.25,1.62,0,0,1,0,0,0,1,1,0,Kathmandu
2.25,25,0.4,10,0.0904,35,0.75,0,0,1,0,0,1,0,1,0,Kathmandu
3.166666667,3.937007874,9,1.625,0.067,7,3.739,1,0,0,0,0,1,0,0,1,Lalitpur
1.333333333,3.280839895,2.5,3.8,0.0987,6.985953177,3.7375,1,0,0,0,0,0,1,1,0,Kathmandu
2.083333333,1.640419948,,2.5,0.0987,9,2.9,0,0,1,0,0,0,1,1,0,Kathmandu
5.5,4.593175853,12,1.5,0.067,8,3.25,1,0,0,0,0,1,0,1,0,Kathmandu
2.666666667,4.593175853,1.05,1,0.0904,8,3.25,1,0,0,0,0,1,0,0,1,Lalitpur
4.583333333,4.304461942,10,3,0.093,5,5.2,0,1,0,0,0,0,1,1,0,Kathmandu
1.583333333,1.640419948,3,0.5,0.0987,3.498526564,7.423125,0,0,1,0,0,0,1,1,0,Kathmandu
3.583333333,0.984251969,20,1.75,0.0721,5.5,4.7,0,0,1,0,0,0,1,0,0,Bhaktapur
1.583333333,1,15,0.4,0.0987,1.249916604,20.609375,0,0,0,0,0,0,1,0,0,Bhaktapur
0.833333333,3.280839895,5,4.1,0.0831,5.494130203,4.685,1,0,0,0,0,0,1,1,0,Kathmandu
3.083333333,0.984251969,1.05,0.5,0.0721,2.75,9.33,0,0,1,0,0,0,1,1,0,Kathmandu
2.166666667,2.952755906,1.05,1.8125,0.0904,10,2.56,1,0,1,0,0,1,0,0,1,Lalitpur
3.416666667,8.608923885,1,5,0.0721,16,1.59,0,1,0,0,0,0,1,0,0,Bhaktapur
1.333333333,1.312335958,0,0.32,0.0987,2.998889629,8.443125,0,0,1,0,0,0,1,1,0,Kathmandu
1.916666667,3.280839895,5,1,0.0987,7.499259259,3.375,1,0,0,0,0,0,1,1,0,Kathmandu
3,4.304461942,5,3,0.0721,6,4.18,1,0,0,0,0,0,1,1,0,Kathmandu
1.583333333,1.312335958,5,0.98,0.0987,5.496986301,4.5625,0,0,1,0,0,0,1,1,0,Kathmandu
1.083333333,3.937007874,15,4.95,0.0987,5.490948985,4.5575,1,0,0,0,0,0,1,1,0,Kathmandu
2.5,3.280839895,0.25,11,0.0904,20,1.25,1,0,0,0,0,1,0,1,0,Kathmandu
4.25,4.304461942,2,5.5,0.093,10,2.5,1,0,0,0,0,0,1,1,0,Kathmandu
3.166666667,2.624671916,2,5,0.0721,10,2.5,0,0,0,0,1,0,1,1,0,Kathmandu
2.666666667,3.280839895,2,2,0.0904,10,2.5,1,0,0,0,0,1,0,0,1,Lalitpur
2.666666667,4.304461942,5,3,0.0904,5,5,1,0,0,0,0,0,1,1,0,Kathmandu
2.833333333,3.937007874,5,3,0.0904,5,5,1,0,0,0,0,0,1,1,0,Kathmandu
3,2.624671916,2,2,0.0721,5,5,0,0,1,0,0,0,1,1,0,Kathmandu
3.083333333,4.304461942,0.6,2,0.0721,5,5,1,0,0,0,0,0,1,0,0,Bhaktapur
2.833333333,3.937007874,3,1.125,0.0904,5,5,0,0,1,0,0,0,1,0,1,Lalitpur
4.083333333,1,20,0.6,0.093,2.5,10,0,0,1,0,0,0,1,0,0,Bhaktapur
1.666666667,4.304461942,3,9,0.0987,10,2.5,0,1,0,0,0,1,0,1,0,Kathmandu
1,3.280839895,0.3,4.25,0.0987,10,2.5,0,1,0,0,0,0,1,1,0,Kathmandu
1.25,1.312335958,2,4,0.0987,10,2.5,0,0,0,0,1,0,1,1,0,Kathmandu
2.416666667,0.984251969,1.5,3.4,0.0904,30,0.83,0,0,1,0,0,0,1,1,0,Kathmandu
1.416666667,3.937007874,2,3.65,0.0987,5.996387718,4.1525,1,0,0,0,0,0,1,1,0,Kathmandu
4.333333333,4.593175853,6,2,0.067,4.5,5.5,1,0,0,0,0,0,1,1,0,Kathmandu
2.416666667,1,10,0.1,0.0904,1.25,19.75,0,0,0,0,1,0,0,1,0,Kathmandu
1.166666667,3.937007874,10,0.275,0.0987,1.25,19.75,1,0,0,0,0,0,1,0,1,Lalitpur
5.25,4.304461942,1,1.75,0.067,8,3.08,1,0,0,0,0,0,1,0,0,Bhaktapur
1.583333333,3.280839895,10,4.88,0.0987,9.964556962,2.46875,1,0,0,0,0,0,1,1,0,Kathmandu
2.333333333,3.280839895,1,0.90625,0.0904,7,3.5,1,0,0,0,0,1,0,0,1,Lalitpur
3.833333333,1.312335958,1,9,0.0721,10.25,2.39,0,0,1,0,0,0,1,1,0,Kathmandu
2.25,5.380577428,5,3.3,0.0904,8.5,2.88,0,0,0,1,0,0,1,1,0,Kathmandu
3.25,4.921259843,7.5,3,0.067,8,3.06,0,0,1,0,0,1,0,1,0,Kathmandu
5.25,4.304461942,30,3,0.067,8,3.06,1,0,0,0,0,0,1,1,0,Kathmandu
2.666666667,4.304461942,5,3,0.0904,5,4.875,1,0,0,0,0,0,1,1,0,Kathmandu
4.25,1.312335958,6,1,0.093,7,3.48,0,0,1,0,0,0,1,1,0,Kathmandu
4.166666667,4.304461942,5,1.5,0.093,6,4.06,1,0,0,0,0,0,1,0,0,Bhaktapur
4.166666667,4.304461942,5,1.5,0.093,6,4.06,1,0,0,0,0,0,1,0,0,Bhaktapur
2,2.624671916,150,0.32,0.0904,4.429090909,5.5,0,0,1,0,0,0,1,1,0,Kathmandu
2.833333333,3.937007874,0.5,0.4,0.0904,5.5,4.42,0,0,0,1,0,0,1,1,0,Kathmandu
1.75,5.249343832,60,0.04125,0.0987,0.749359223,32.1875,1,0,0,0,0,0,1,0,1,Lalitpur
4.916666667,3.280839895,5,3,0.067,12,2,0,1,0,0,0,1,0,1,0,Kathmandu
3.833333333,4.265091864,7,2,0.067,8,3,1,0,0,0,0,1,0,1,0,Kathmandu
4.25,4.304461942,5,3,0.093,5,4.8,1,0,0,0,0,0,1,1,0,Kathmandu
3,4.304461942,5,0.9,0.0721,3,8,1,0,0,0,0,0,1,1,0,Kathmandu
0,0.984251969,2,4.4,0.0831,8,3,0,0,1,0,0,0,1,1,0,Kathmandu
1.916666667,1.312335958,,3,0.0987,6,4,0,0,1,0,0,0,1,1,0,Kathmandu
2,3.937007874,2,2.1,0.0904,6,4,1,0,0,0,0,0,1,1,0,Kathmandu
0.916666667,4.265091864,20,1.6375,0.0831,8,3,0,0,0,1,0,0,1,0,1,Lalitpur
0.916666667,4.593175853,10,1,0.0831,6,4,0,0,0,1,0,0,1,1,0,Kathmandu
2,3.937007874,10,3.65,0.0904,7.002559415,3.41875,1,0,0,0,0,0,1,1,0,Kathmandu
4.333333333,1.312335958,10,0.6,0.093,3.5,6.82,0,0,1,0,0,0,1,1,0,Kathmandu
1,7.217847769,0.3,0.98,0.0987,8.001678204,2.979375,0,0,0,1,0,0,1,1,0,Kathmandu
1.5,5.380577428,2,4,0.0987,13.99485483,1.700625,0,1,0,0,0,1,0,0,0,Bhaktapur
2.416666667,3.937007874,2,1.25,0.0904,6,3.96,1,0,0,0,0,0,1,0,0,Bhaktapur
1.416666667,1.312335958,,8,0.0987,11.99242902,1.98125,0,0,1,0,0,1,0,1,0,Kathmandu
2.583333333,11.81102362,1.5,5.25,0.0904,10,2.375,0,1,0,0,0,1,0,1,0,Kathmandu
1.666666667,2,10,0.12,0.0987,1.999367289,11.85375,0,0,1,0,0,0,1,1,0,Kathmandu
4,4.304461942,3,6,0.093,12,1.96,0,1,0,0,0,0,1,1,0,Kathmandu
1.75,3.280839895,0.3,4.25,0.0987,9.994683679,2.35125,0,1,0,0,0,0,1,1,0,Kathmandu
3.833333333,6.456692913,30,1.65,0.0721,7,3.35,1,0,0,0,0,0,1,0,0,Bhaktapur
1.5,3.937007874,5,2.2,0.0987,7,3.35,1,0,0,0,0,0,1,1,0,Kathmandu
1.666666667,4.265091864,10,3,0.0987,8.013675214,2.925,1,0,0,0,0,0,1,1,0,Kathmandu
4.333333333,4.265091864,8,1,0.093,5,4.6875,1,0,0,0,0,0,1,0,1,Lalitpur
1.166666667,1.312335958,0.1,3.45,0.0987,20.02139037,1.16875,0,0,1,0,0,1,0,0,1,Lalitpur
3.666666667,6.56167979,30,1,0.0721,5,4.67,0,0,0,1,0,0,1,0,0,Bhaktapur
2.666666667,1.312335958,1.05,3,0.0904,8,2.91,0,0,1,0,0,0,1,1,0,Kathmandu
3,3.937007874,5,12,0.0721,7.25,3.2,0,1,0,0,0,0,1,1,0,Kathmandu
1.583333333,3.280839895,2,3.3,0.0987,9.50974359,2.4375,1,0,0,0,0,0,1,1,0,Kathmandu
3.5,4.304461942,2,1.5,0.0721,6.5,3.56,1,0,0,0,0,0,1,1,0,Kathmandu
2.583333333,1.312335958,2.5,2,0.0904,3.5,6.6,0,0,1,0,0,0,1,1,0,Kathmandu
1.583333333,3.280839895,,2.75,0.0987,6.982807482,3.308125,1,0,0,0,0,0,1,1,0,Kathmandu
1.583333333,4.593175853,2,2.2,0.0987,8.013913044,2.875,0,0,0,1,0,0,1,1,0,Kathmandu
1.5,4.593175853,3,1.5,0.0987,5.75,4,1,0,0,0,0,0,1,0,0,Bhaktapur
1.5,3.280839895,1.05,1.65,0.0987,7.99825213,2.860625,1,,0,0,0,0,1,1,0,Kathmandu
3,3.280839895,7,3,0.0721,6,3.81,1,0,0,0,0,0,1,1,0,Kathmandu
0.916666667,0.984251969,10,0.44,0.0831,3.997374754,5.71375,0,0,1,0,0,0,1,1,0,Kathmandu
2.916666667,0.984251969,0.6,10,0.0904,20,1.14,0,0,1,0,0,0,1,1,0,Kathmandu
2.166666667,1.312335958,15,1.5,0.0904,3.998684643,5.701875,0,0,1,0,0,0,1,0,0,Bhaktapur
1.833333333,3.937007874,250,1,0.0987,2.996303901,7.609375,1,0,0,0,0,0,1,1,0,Kathmandu
4,0.984251969,10,1,0.093,4,5.69,0,0,1,0,0,0,1,1,0,Kathmandu
4.416666667,4.304461942,50,3,0.093,7.5,3,1,0,0,0,0,0,1,1,0,Kathmandu
3.5,6.56167979,6,0.5,0.0721,1.5,15,1,0,0,0,0,1,0,0,1,Lalitpur
1,2.624671916,1,4.88,0.0987,9,2.5,0,1,0,0,0,0,1,1,0,Kathmandu
1.333333333,1.312335958,5,1.8125,0.0987,10,2.25,0,0,1,0,0,0,1,0,1,Lalitpur
1.166666667,6.456692913,2,1.65,0.0987,5.993989983,3.74375,0,1,0,0,0,0,1,1,0,Kathmandu
1,2.624671916,2,1.6,0.0987,4.496600353,4.96375,1,0,0,0,0,0,1,1,0,Kathmandu
1.25,2.952755906,2,6,0.0987,8.981818182,2.475,1,0,0,0,0,0,1,1,0,Kathmandu
3,4.304461942,3,0.9,0.0721,3.25,6.82,1,0,0,0,0,0,1,1,0,Kathmandu
3.916666667,6.456692913,2,2.25,0.0721,4.5,4.91,1,0,0,0,0,0,1,1,0,Kathmandu
2.166666667,3.937007874,5,1,0.0904,5.5,4,1,0,0,0,0,0,1,1,0,Kathmandu
2.166666667,2.624671916,15,4.1,0.0904,6.990229312,3.134375,1,0,0,0,0,0,1,1,0,Kathmandu
2.916666667,4.304461942,20,5.5,0.0904,7.5,2.91,1,0,0,0,0,0,1,1,0,Kathmandu
2.916666667,6.56167979,5,2.25,0.0904,4.5,4.85,1,0,0,0,0,0,1,1,0,Kathmandu
3.333333333,10.76115486,1.05,3.5,0.0721,7.5,2.9,0,1,0,0,0,1,0,1,0,Kathmandu
3.166666667,3.937007874,10,0.75,0.0721,2.75,7.89,0,0,1,0,0,1,0,0,1,Lalitpur
2,3.937007874,5,1.92,0.0904,5.498721228,3.91,1,0,0,0,0,0,1,1,0,Kathmandu
3.583333333,3.280839895,3,4,0.0721,9,2.38,1,0,0,0,0,0,1,1,0,Kathmandu
3,4.304461942,3,3,0.0721,7,3.06,0,0,0,1,0,0,1,1,0,Kathmandu
4.583333333,1.312335958,20,2.25,0.093,7,3.06,0,0,1,0,0,0,1,1,0,Kathmandu
0.916666667,3.280839895,3,1,0.0831,6.994285714,3.0625,1,0,0,0,0,0,1,1,0,Kathmandu
3.166666667,0.984251969,1.2,4.5,0.0721,8,2.67,0,0,1,0,0,0,1,1,0,Kathmandu
4.666666667,4.304461942,8,2,0.093,6,3.55,1,0,0,0,0,0,1,1,0,Kathmandu
3.75,4.265091864,20,2.25,0.067,5,4.25,1,0,0,0,0,1,0,1,0,Kathmandu
4.333333333,4.593175853,8,1,0.093,5,4.25,1,0,0,0,0,1,0,0,1,Lalitpur
2.75,0.984251969,2,5,0.0904,10,2.11,0,0,1,0,0,0,1,1,0,Kathmandu
2.916666667,6.456692913,7,6,0.0904,15,1.4,0,1,0,0,0,1,0,1,0,Kathmandu
3.833333333,4.304461942,10,3.5,0.0721,7,3,1,0,0,0,0,0,1,1,0,Kathmandu
4.25,3.280839895,1.05,3,0.093,7,3,1,0,0,0,0,0,1,1,0,Kathmandu
3.916666667,4.304461942,15,3,0.0721,6,3.5,1,0,0,0,0,0,1,0,1,Lalitpur
3.166666667,6.56167979,4,2.1,0.0721,6,3.5,1,0,0,0,0,0,1,1,0,Kathmandu
3.75,2,1.05,1,0.0721,4,5.25,0,0,1,0,0,0,1,0,1,Lalitpur
1.666666667,3.280839895,20,3.3,0.0987,6,3.5,1,0,0,0,0,0,1,1,0,Kathmandu
1.333333333,8.530183727,2,2.1,0.0987,6,3.5,1,0,0,0,0,0,1,1,0,Kathmandu
3,4.304461942,3,3,0.0721,5.5,3.81,1,0,0,0,0,0,1,1,0,Kathmandu
3.166666667,4.304461942,10,3,0.0721,5,4.18,1,0,0,0,0,0,1,1,0,Kathmandu
3.083333333,4.304461942,3.5,1.1875,0.0721,5,4.18,1,0,0,0,0,0,1,0,1,Lalitpur
1.416666667,3.937007874,5,0.03,0.0987,7.945599139,2.630386914,1,0,0,0,0,0,1,0,0,Bhaktapur
0.833333333,1.312335958,6,0.44,0.0831,6.00107778,3.479375,0,0,1,0,0,0,1,1,0,Kathmandu
2,3.280839895,,1.5,0.0904,4.994011976,4.175,1,0,0,0,0,0,1,0,0,Bhaktapur
0.916666667,6.56167979,1.5,3.25,0.0831,7,2.975,1,0,0,0,0,0,1,1,0,Kathmandu
3.083333333,4.304461942,2,5,0.0721,8,2.6,0,1,0,0,0,0,1,1,0,Kathmandu
3.666666667,4.304461942,10,3,0.0721,6.87,3,1,0,0,0,0,0,1,0,1,Lalitpur
2.75,3.280839895,2.5,3,0.0904,10,2.06,1,0,0,0,0,0,1,1,0,Kathmandu
1.5,3.937007874,1,3.3,0.0987,6.507722772,3.15625,1,0,0,0,0,0,1,1,0,Kathmandu
4.416666667,1.312335958,5,1,0.093,2.5,8.14,0,0,1,0,0,0,1,1,0,Kathmandu
5.166666667,4.265091864,35,3,0.067,10,2.03,1,0,0,0,0,0,1,0,1,Lalitpur
2.833333333,4.593175853,3,1.5,0.0904,9,2.25,1,0,0,0,0,0,1,0,0,Bhaktapur
4.666666667,4.304461942,10,2,0.093,6.75,3,1,0,0,0,0,0,1,1,0,Kathmandu
3.916666667,3.937007874,3,5.5,0.067,8,2.52,1,0,0,0,0,0,1,1,0,Kathmandu
1.083333333,3.937007874,10,1.75,0.0987,6.25,3.22,1,0,0,0,0,0,1,0,0,Bhaktapur
2.333333333,4.304461942,1,2.1,0.0904,5.25,3.81,1,0,0,0,0,0,1,1,0,Kathmandu
2.5,3.280839895,1.05,3.25,0.0904,10,2,1,0,0,0,0,1,0,1,0,Kathmandu
3.583333333,3.937007874,7.8,1.75,0.067,5,4,1,0,0,0,0,1,0,1,0,Kathmandu
1.916666667,3.280839895,25,0.9,0.0987,5,4,1,0,0,0,0,0,1,1,0,Kathmandu
1.416666667,4.593175853,2,4,0.0987,8.989876266,2.2225,0,1,0,0,0,0,1,1,0,Kathmandu
3.083333333,2.624671916,1,11,0.0721,15,1.33,1,0,0,0,0,1,0,1,0,Kathmandu
1.166666667,1.312335958,,0.44,0.0987,4.000502071,4.979375,0,0,1,0,0,0,1,1,0,Kathmandu
1.333333333,3.937007874,0.5,1,0.0987,4.752835821,4.1875,1,0,0,0,0,0,1,1,0,Kathmandu
2.166666667,3.937007874,3,3.25,0.0904,6.6,3,1,0,0,0,0,0,1,1,0,Kathmandu
1.583333333,1.312335958,0,0.5,0.0987,4.002025317,4.9375,0,0,1,0,0,0,1,1,0,Kathmandu
1.75,2.624671916,4,2.1,0.0987,5,3.92,1,0,0,0,0,0,1,1,0,Kathmandu
2.583333333,3.280839895,5,2,0.0904,5.5,3.55,1,0,0,0,0,0,1,0,0,Bhaktapur
3.666666667,4.304461942,10,4,0.0721,6.5,3,1,0,0,0,0,0,1,1,0,Kathmandu
1.333333333,2.624671916,0.5,7,0.0987,14.93537578,1.305625,0,0,0,0,1,0,1,1,0,Kathmandu
2.5,1.312335958,2,4,0.0904,5.5,3.54,0,0,1,0,0,0,1,1,0,Kathmandu
1.666666667,1.312335958,6,4.88,0.0987,7.985622593,2.434375,0,0,1,0,0,0,1,1,0,Kathmandu
2.833333333,3.280839895,2,13,0.0904,20,0.97,0,1,0,0,0,0,1,1,0,Kathmandu
2.333333333,1.968503937,2,0.5,0.0904,5,3.88,0,0,1,0,0,0,1,1,0,Kathmandu
3.416666667,2.624671916,20,3,0.0721,6,3.22,1,0,0,0,0,0,1,1,0,Kathmandu
1.5,4.265091864,3,2.1,0.0987,5.990697674,3.225,1,0,0,0,0,0,1,1,0,Kathmandu
1.583333333,3.937007874,10,1.2875,0.0987,4.996763754,3.8625,1,0,0,0,0,0,1,0,1,Lalitpur
1.916666667,1.312335958,4,4.1,0.0987,5.996497373,3.211875,0,0,1,0,0,0,1,1,0,Kathmandu
1.833333333,3.280839895,1.05,3.8,0.0987,7,2.75,1,0,0,0,0,1,0,1,0,Kathmandu
3.75,6.456692913,15,2,0.0721,5.5,3.5,1,0,0,0,0,0,1,1,0,Kathmandu
1.083333333,3.280839895,2.5,4.1,0.0987,5.5,3.5,1,0,0,0,0,0,1,1,0,Kathmandu
2.666666667,4.304461942,1.5,0.375,0.0904,4,4.81,1,0,0,0,0,0,1,0,1,Lalitpur
2.833333333,3.280839895,2,3,0.0904,6.25,3.06,0,0,0,1,0,0,1,1,0,Kathmandu
4.25,1.312335958,10,2.25,0.093,6,3.18,0,0,1,0,0,0,1,1,0,Kathmandu
4.583333333,4.304461942,20,3.75,0.093,6,3.15,0,1,0,0,0,0,1,0,0,Bhaktapur
2.5,3.280839895,2,2.5,0.0904,10,1.88,0,1,0,0,0,0,1,1,0,Kathmandu
4,1.312335958,3,1.5,0.093,7.5,2.5,0,0,1,0,0,0,1,1,0,Kathmandu
3.5,5.380577428,20,1.8,0.0721,5,3.75,1,0,0,0,0,0,1,0,0,Bhaktapur
2.666666667,1.312335958,2.5,1,0.0904,5,3.75,0,0,1,0,0,0,1,1,0,Kathmandu
1.166666667,3.937007874,15,4,0.0987,4.544484849,4.125,1,0,0,0,0,0,1,1,0,Kathmandu
3,1.312335958,0.5,1,0.0721,4.5,4.14,0,0,1,0,0,0,1,1,0,Kathmandu
1.416666667,3.937007874,3,2.3,0.0987,4.505454546,4.125,0,1,0,0,0,0,1,1,0,Kathmandu
2.583333333,4.304461942,5,3,0.0904,5.5,3.37,1,0,0,0,0,0,1,1,0,Kathmandu
4,6.456692913,5,14.437,0.093,0.5,37,1,0,0,0,0,0,1,1,0,Kathmandu
2.416666667,1.312335958,4,1.65,0.0904,8,2.31,0,0,1,0,0,0,1,1,0,Kathmandu
3,1.312335958,3,3,0.0721,6,3.08,0,0,1,0,0,0,1,1,0,Kathmandu
4.166666667,4.304461942,3,2,0.093,5.5,3.36,1,0,0,0,0,0,1,0,0,Bhaktapur
1.583333333,5.905511811,20,0.175,0.0987,0.499695638,36.9625,0,1,0,0,0,0,1,0,0,Bhaktapur
3.75,4.304461942,10,3,0.0721,8,2.3,1,0,0,0,0,0,1,1,0,Kathmandu
1,0.984251969,3,2.75,0.0987,19.98642227,0.920625,0,0,1,0,0,0,1,1,0,Kathmandu
3,3.608923885,7,2.25,0.067,3.5,5.25,1,0,0,0,0,1,0,1,0,Kathmandu
4,6.456692913,2,3,0.093,5.15,3.56,0,0,0,1,0,0,1,1,0,Kathmandu
1.083333333,7.217847769,,5.5,0.0987,14.93877551,1.225,0,1,0,0,0,1,0,1,0,Kathmandu
1,3.280839895,15,0.6,0.0987,2.000964121,9.075625,0,0,1,0,0,0,1,1,0,Kathmandu
3.25,3.937007874,1,6,0.0721,6,3,1,0,0,0,0,0,1,1,0,Kathmandu
3.333333333,3.280839895,3,3,0.0721,6,3,1,0,0,0,0,0,1,1,0,Kathmandu
2.416666667,3.937007874,5,2.1,0.0904,6,3,1,0,0,0,0,1,0,1,0,Kathmandu
4.166666667,3.280839895,5,0.9,0.093,4.5,4,0,0,1,0,0,0,1,0,0,Bhaktapur
1.583333333,3.937007874,5,0.64,0.0987,6,3,1,0,0,0,0,0,1,1,0,Kathmandu
1.416666667,3.937007874,0.6,0.6,0.0987,4.5,4,1,0,0,0,0,0,1,1,0,Kathmandu
3.916666667,3.937007874,5,3,0.0721,7,2.56,1,0,0,0,0,0,1,1,0,Kathmandu
2.416666667,1.312335958,15,0.5,0.0904,7,2.56,0,0,1,0,0,0,1,1,0,Kathmandu
2.416666667,6.56167979,10,2.25,0.0904,4.75,3.75,0,0,0,1,0,0,1,1,0,Kathmandu
2,5.380577428,5,0.64,0.0904,4.24563516,4.1525,1,0,0,0,0,0,1,1,0,Kathmandu
3.666666667,3.280839895,10,3,0.0721,6,2.92,1,0,0,0,0,0,1,1,0,Kathmandu
1.75,2.624671916,4,2.1,0.0987,5,3.5,1,0,0,0,0,0,1,1,0,Kathmandu
0,3.280839895,3,2,0.0831,7,2.5,1,0,0,0,0,0,1,0,0,Bhaktapur
1.833333333,3.937007874,,1.25,0.0987,3.5,5,1,0,0,0,0,0,1,0,0,Bhaktapur
1.666666667,3.937007874,10,1.92,0.0987,5.508661417,3.175,1,0,0,0,0,0,1,1,0,Kathmandu
4.666666667,4.304461942,5,1.5,0.093,4,4.37,1,0,0,0,0,0,1,1,0,Kathmandu
1.916666667,3.937007874,5,1.25,0.0987,4.35,4,1,0,0,0,0,0,1,0,0,Bhaktapur
2.333333333,1.312335958,2,1.3,0.0904,7,2.48,0,0,1,0,0,0,1,1,0,Kathmandu
2.25,0.984251969,1.2,3.4,0.0904,6.5,2.67,0,0,1,0,0,0,1,1,0,Kathmandu
1.666666667,3.280839895,7,3.3,0.0987,5.50387289,3.146875,1,0,0,0,0,0,1,1,0,Kathmandu
1.416666667,3.937007874,7,1.2875,0.0987,6.980332056,2.446875,1,0,0,0,0,0,1,0,1,Lalitpur
1.5,2.624671916,2,3.65,0.0987,6.978461539,2.4375,1,0,0,0,0,0,1,1,0,Kathmandu
4,9.186351706,0.5,18,0.093,25,0.68,1,0,0,0,0,1,0,1,0,Kathmandu
1.083333333,4.593175853,10,2.1,0.0987,3.996448653,4.22375,1,0,0,0,0,0,1,1,0,Kathmandu
1.25,1.312335958,2,5.5,0.0987,6.981818182,2.40625,0,0,1,0,0,0,1,1,0,Kathmandu
1.166666667,2.624671916,2,4.1,0.0987,6.493658537,2.5625,1,0,0,0,0,0,1,1,0,Kathmandu
3.416666667,1.312335958,10,0.625,0.0721,4.5,3.68,0,0,1,0,0,1,0,0,1,Lalitpur
3.333333333,3.280839895,3,2.0625,0.067,5,3.31,0,1,0,0,0,1,0,0,1,Lalitpur
2.083333333,1.312335958,2,1.5,0.0904,4.990548204,3.30625,0,0,1,0,0,0,1,1,0,Kathmandu
1.583333333,1.312335958,2,0.8,0.0987,5.5,3,0,0,1,0,0,0,1,1,0,Kathmandu
1.416666667,15.7480315,2,1.13,0.0987,6.749287011,2.410625,0,0,1,0,0,0,1,0,0,Bhaktapur
1,3.280839895,7,0.8,0.0987,6.5,2.5,1,0,0,0,0,0,1,1,0,Kathmandu
1.833333333,4.304461942,1,4.1,0.0987,5.504680851,2.9375,0,0,1,0,0,0,1,1,0,Kathmandu
2.416666667,2,15,1,0.0904,2.25,7.12,0,0,1,0,0,0,0,1,0,Kathmandu
2.75,2.624671916,2,3.25,0.0904,6.5,2.41,0,0,0,1,0,0,1,0,0,Bhaktapur
1.083333333,4.593175853,,1.8,0.0987,3.994851995,3.885,0,1,0,0,0,0,1,1,0,Kathmandu
1.583333333,3.280839895,30,1.5,0.0987,6.762527233,2.295,1,0,0,0,0,0,1,0,0,Bhaktapur
1.333333333,3.937007874,0.5,1.2,0.0987,4.00516129,3.875,1,0,0,0,0,0,1,1,0,Kathmandu
1.416666667,1.312335958,8,0.03,0.0987,6.993076267,2.2107581,0,0,1,0,0,0,1,0,0,Bhaktapur
2.75,3.280839895,2.5,3,0.0904,7.5,2.06,1,0,0,0,0,0,1,1,0,Kathmandu
5.083333333,4.304461942,1.05,1.5,0.067,6,2.57,0,0,0,1,0,0,0,1,0,Kathmandu
4.083333333,3.280839895,5,3,0.093,6,2.56,1,0,0,0,0,0,1,1,0,Kathmandu
1.916666667,3.937007874,2,2.1,0.0987,4.003292181,3.796875,1,0,0,0,0,0,1,1,0,Kathmandu
3.666666667,6.456692913,1,3,0.0721,5.25,2.88,0,1,0,0,0,0,1,1,0,Kathmandu
2.25,0.984251969,3,4,0.0904,5.593526012,2.703125,0,0,1,0,0,0,1,1,0,Kathmandu
2,5.905511811,10,0.8,0.0904,6.993900668,2.151875,0,0,0,1,0,0,1,1,0,Kathmandu
2.416666667,1.312335958,3,7,0.0904,12,1.25,0,0,1,0,0,0,1,1,0,Kathmandu
2.916666667,1.312335958,2,1,0.0904,6,2.5,0,0,1,0,0,0,1,1,0,Kathmandu
2.666666667,3.280839895,1.5,3,0.0904,5,3,1,0,0,0,0,0,1,1,0,Kathmandu
2.666666667,1.312335958,2,2,0.0904,5,3,0,0,1,0,0,0,1,1,0,Kathmandu
3,2.624671916,5,1,0.0721,5,3,1,0,0,0,0,0,1,0,1,Lalitpur
3.666666667,1.312335958,10,1,0.0721,5,3,0,0,1,0,0,0,1,1,0,Kathmandu
3.166666667,3.280839895,1.5,0.9375,0.0721,5,3,1,0,0,0,0,0,1,0,1,Lalitpur
2.5,6.56167979,6,0.5,0.0904,2.5,6,1,0,0,0,0,1,0,0,1,Lalitpur
2,4.304461942,10,4.4,0.0904,6,2.5,1,0,0,0,0,0,1,1,0,Kathmandu
1.916666667,1.312335958,1,1.9,0.0987,6,2.5,0,0,1,0,0,0,1,1,0,Kathmandu
1.666666667,1.312335958,3,0.6,0.0987,3,5,0,0,1,0,0,0,1,1,0,Kathmandu
2.5,2.624671916,5,0.98,0.0904,7,2.13,1,0,0,0,0,0,1,1,0,Kathmandu
2.5,2.624671916,5,0.98,0.0904,7,2.13,1,0,0,0,0,0,1,1,0,Kathmandu
1.75,1.312335958,20,4.53125,0.0987,3.498823529,4.25,0,0,1,0,0,0,1,0,1,Lalitpur
4,2.952755906,5,2.9,0.067,47.5,0.3125,1,0,0,0,0,1,0,0,1,Lalitpur
1.083333333,3.937007874,7,1,0.0987,3.995263069,3.694375,1,0,0,0,0,0,1,1,0,Kathmandu
0.916666667,0.984251969,10,0.32,0.0831,3.997962994,3.681875,0,0,1,0,0,0,1,1,0,Kathmandu
1.916666667,7.532808399,5,6.75,0.0987,6.989598811,2.103125,0,1,0,0,0,0,1,1,0,Kathmandu
4.5,4.593175853,10,1.5,0.067,1.5,9.6875,1,0,0,0,0,0,1,1,0,Kathmandu
4.916666667,4.593175853,7,2.8,0.093,6,2.41,1,0,0,0,0,0,1,0,0,Bhaktapur
2.416666667,6.456692913,10,1.5,0.0904,5,2.83,0,0,0,1,0,0,1,1,0,Kathmandu
2,3.937007874,5,3,0.0904,7.81,1.81,1,0,0,0,0,0,1,1,0,Kathmandu
1.083333333,3.937007874,2.5,1,0.0987,3.75,3.75,1,0,0,0,0,0,1,1,0,Kathmandu
4.166666667,4.304461942,2,3,0.093,7,2,1,0,0,0,0,0,1,1,0,Kathmandu
2.166666667,3.937007874,1.05,0.5,0.0904,3.5,4,1,0,0,0,0,0,1,0,1,Lalitpur
2.666666667,4.304461942,20,0.45,0.0904,2,7,0,0,1,0,0,0,1,0,0,Bhaktapur
2.333333333,6.456692913,1,1.44,0.0904,3.75,3.72,0,1,0,0,0,0,1,1,0,Kathmandu
2.25,1.312335958,10,0.6,0.0904,3.5,3.97,0,0,1,0,0,0,1,1,0,Kathmandu
1.5,3.280839895,0,1.6,0.0987,5.5,2.52,1,0,0,0,0,0,1,1,0,Kathmandu
2.833333333,1.312335958,5,1.5,0.0904,5.5,2.5,0,0,1,0,0,0,1,1,0,Kathmandu
4.25,3.937007874,1,1,0.067,5.5,2.5,1,0,0,0,0,0,1,1,0,Kathmandu
3.666666667,1.312335958,7,3,0.0721,5,2.75,0,0,1,0,0,0,1,1,0,Kathmandu
3.833333333,3.280839895,2.6,2.25,0.067,5,2.75,1,0,0,0,0,1,0,1,0,Kathmandu
1.416666667,2.624671916,0.3,2.1,0.0987,5.5,2.5,1,0,0,0,0,0,1,1,0,Kathmandu
2.083333333,3.937007874,10,1.92,0.0904,5.5,2.5,1,0,0,0,0,0,1,1,0,Kathmandu
2.25,4.304461942,7,1.25,0.0904,5.25,2.61,1,0,0,0,0,0,1,0,0,Bhaktapur
1.833333333,3.937007874,,1,0.0987,4.757417103,2.865,1,0,0,0,0,0,1,1,0,Kathmandu
3.083333333,2.624671916,15,3,0.0721,5,2.72,1,0,0,0,0,0,1,1,0,Kathmandu
2.25,4.304461942,15,0.64,0.0904,4.25,3.2,1,0,0,0,0,0,1,1,0,Kathmandu
1.25,1.312335958,2,0.2,0.0987,0.8,16.9,0,0,1,0,0,0,1,0,0,Bhaktapur
2.416666667,3.937007874,5,2.1,0.0904,6,2.25,1,0,0,0,0,1,0,1,0,Kathmandu
3.583333333,3.280839895,2,1.5,0.0721,5,2.7,1,0,0,0,0,0,1,1,0,Kathmandu
4.083333333,4.304461942,20,1.1,0.093,4.5,3,1,0,0,0,0,0,1,0,1,Lalitpur
4.166666667,1.312335958,5,2.25,0.093,6,2.23,1,0,0,0,0,0,1,1,0,Kathmandu
0.666666667,3.280839895,0.75,1,0.0831,3.50343924,3.81625,1,0,0,0,0,0,1,1,0,Kathmandu
1.333333333,1.312335958,2,2.45,0.0987,5.507082153,2.426875,0,0,1,0,0,0,1,1,0,Kathmandu
1.166666667,3.280839895,10,1.25,0.0987,4.997660271,2.67125,1,0,0,0,0,0,1,0,0,Bhaktapur
1.75,2.624671916,5,2.1,0.0987,3.746548673,3.53125,1,0,0,0,0,0,1,1,0,Kathmandu
4.416666667,2.624671916,1.05,1.5,0.093,4,3.25,0,0,1,0,0,0,1,1,0,Kathmandu
2.583333333,3.280839895,50,1.5,0.0904,5.5,2.36,1,0,0,0,0,0,1,0,0,Bhaktapur
1.083333333,3.280839895,20,4,0.0987,3.994572592,3.224375,1,0,0,0,0,0,1,1,0,Kathmandu
1.083333333,4.593175853,3,0.3,0.0987,1.00038835,12.875,1,0,0,0,0,0,1,1,0,Kathmandu
2.166666667,3.937007874,10,0.8,0.0904,5.509677419,2.325,1,0,0,0,0,0,1,1,0,Kathmandu
1.916666667,4.593175853,25,0.5,0.0987,0.874545221,14.601875,0,0,1,0,0,0,1,0,0,Bhaktapur
2.916666667,6.56167979,15,0.35,0.0904,1,12.75,1,0,0,0,0,0,1,1,0,Kathmandu
4,3.280839895,130,3,0.067,7,1.8125,1,0,0,0,0,1,0,0,1,Lalitpur
2,3.937007874,5,1.6,0.0904,6.990344828,1.8125,1,0,0,0,0,0,1,1,0,Kathmandu
3.25,3.280839895,10,3,0.0721,3.6,3.5,1,0,0,0,0,0,1,1,0,Kathmandu
1.5,3.280839895,0.5,0.64,0.0987,4.496988624,2.801875,1,0,0,0,0,0,1,1,0,Kathmandu
1.583333333,1.312335958,5,0.98,0.0987,5.500819225,2.28875,0,0,1,0,0,0,1,1,0,Kathmandu
3.083333333,4.304461942,10,1.5,0.0721,4.25,2.96,1,0,0,0,0,0,1,1,0,Kathmandu
2.666666667,3.280839895,10,2.4,0.0904,4,3.14,1,0,0,0,0,0,1,0,0,Bhaktapur
0.916666667,1.968503937,4,7.5,0.0831,25,0.5,0,1,0,0,0,0,1,0,0,Bhaktapur
1.75,1.312335958,2.5,1.5,0.0987,5,2.5,0,0,1,0,0,0,1,1,0,Kathmandu
2.25,3.280839895,10,1,0.0904,4,3.12,1,0,0,0,0,0,1,1,0,Kathmandu
2.416666667,5.249343832,25,0.64,0.0904,5.5,2.25,0,0,0,1,0,0,1,1,0,Kathmandu
2,1.968503937,5,0.5,0.0904,4.498181818,2.75,0,0,1,0,0,0,1,1,0,Kathmandu
2,4.304461942,1,2.5,0.0904,4.248275862,2.9,1,0,0,0,0,0,1,1,0,Kathmandu
1.5,4.593175853,4,1.75,0.0987,3.502545455,3.4375,1,0,0,0,0,0,1,0,0,Bhaktapur
3.083333333,3.937007874,1.5,1.4,0.067,4,3,1,0,0,0,0,1,0,1,0,Kathmandu
4.166666667,4.304461942,10,3,0.093,3,4,0,1,0,0,0,0,1,1,0,Kathmandu
4.166666667,4.304461942,10,3,0.093,3,4,0,1,0,0,0,0,1,1,0,Kathmandu
2.333333333,1.312335958,10,1,0.0904,3,4,0,0,1,0,0,0,1,0,0,Bhaktapur
1.666666667,11.83727034,3,1.25,0.0987,5.001302423,2.399375,1,0,0,0,0,0,1,0,0,Bhaktapur
2,4.304461942,10,0.90625,0.0904,3.501931212,3.398125,1,0,0,0,0,0,1,0,1,Lalitpur
2.916666667,6.56167979,3,2.25,0.0904,4.5,2.63,1,0,0,0,0,0,1,1,0,Kathmandu
3.583333333,4.304461942,30,1.5,0.0721,3.5,3.38,1,0,0,0,0,0,1,1,0,Kathmandu
4.916666667,3.937007874,3,5.5,0.067,8,1.475,1,0,0,0,0,1,0,1,0,Kathmandu
1.166666667,3.280839895,10,1.25,0.0987,4.992067689,2.36375,1,0,0,0,0,0,1,0,0,Bhaktapur
5.416666667,1.312335958,2,2.75,0.067,7.99655321,1.450625,0,0,1,0,0,0,1,1,0,Kathmandu
1.75,3.280839895,5,3.65,0.0987,4.987801572,2.305625,1,0,0,0,0,0,1,1,0,Kathmandu
1.666666667,3,1.5,1.65,0.0987,3.993043478,2.875,0,0,1,0,0,0,1,1,0,Kathmandu
1.166666667,1.312335958,2,7,0.0987,11.98423127,0.95125,0,0,1,0,0,0,1,1,0,Kathmandu
1.5,3.937007874,10,1.25,0.0987,6.685777288,1.700625,1,0,0,0,0,0,1,0,0,Bhaktapur
4.25,3.937007874,1,1,0.067,5.5,2.0625,1,0,0,0,0,0,1,1,0,Kathmandu
2.333333333,2.624671916,1.5,0.25,0.0904,2.25,5.02,0,0,1,0,0,0,1,0,1,Lalitpur
2.666666667,1,10,0.5,0.0904,1.5,7.5,0,0,0,0,0,0,0,1,0,Kathmandu
0.833333333,1.076115486,10,3.3,0.0831,4.495486459,2.4925,1,0,0,0,0,0,1,1,0,Kathmandu
3.75,4.304461942,3,3,0.0721,3.5,3.18,1,0,0,0,0,0,1,1,0,Kathmandu
3.583333333,6.456692913,20,0.25,0.0721,4,2.75,0,0,1,0,0,0,1,1,0,Kathmandu
0.916666667,1.312335958,1,4.1,0.0831,4.100959963,2.669375,0,0,1,0,0,0,1,1,0,Kathmandu
3,3.280839895,5,5,0.0721,6,1.82,1,0,0,0,0,0,1,1,0,Kathmandu
1,1.312335958,3,1.65,0.0987,3.745963402,2.903125,0,0,1,0,0,0,1,1,0,Kathmandu
3.666666667,3.937007874,2,1.5,0.0721,4.5,2.41,0,0,1,0,0,0,1,1,0,Kathmandu
2.666666667,3.280839895,2.5,3,0.0904,4,2.7,1,0,0,0,0,0,1,1,0,Kathmandu
1.666666667,4.304461942,25,1,0.0987,3.32,3.25,1,0,0,0,0,0,1,0,0,Bhaktapur
4.666666667,6.456692913,55,0.5,0.093,0.5,21.5,1,0,0,0,0,0,1,1,0,Kathmandu
2,0.984251969,15,0.55,0.0904,1.000233918,10.6875,0,0,1,0,0,0,1,1,0,Kathmandu
1.25,3.937007874,5,1.25,0.0987,4.504772004,2.3575,1,0,0,0,0,0,1,0,0,Bhaktapur
3.666666667,1.312335958,5,2.25,0.0721,4,2.65,0,0,1,0,0,0,1,1,0,Kathmandu
1,1.312335958,5,1.65,0.0987,3.5,3,0,0,1,0,0,0,1,1,0,Kathmandu
1.916666667,1.312335958,3,1.65,0.0987,3.5,3,0,0,1,0,0,0,1,1,0,Kathmandu
1.333333333,1.312335958,3,0.6,0.0987,1.5,7,0,0,1,0,0,0,1,0,0,Bhaktapur
1.916666667,2.624671916,15,0.32,0.0987,3.5,3,0,0,1,0,0,0,1,1,0,Kathmandu
2.916666667,0.984251969,3,0.6,0.0904,3.25,3.2,0,0,1,0,0,0,1,1,0,Kathmandu
1.416666667,1.312335958,2.5,0.064,0.0987,0.74954955,13.875,0,0,1,0,0,0,1,1,0,Kathmandu
3.666666667,1.312335958,10,2,0.0721,6,1.69,0,0,1,0,0,0,1,1,0,Kathmandu
4.083333333,11.83727034,20,3.25,0.093,6,1.67,0,1,0,0,0,0,1,0,0,Bhaktapur
3,0.984251969,10,1.5,0.0721,4,2.5,0,0,1,0,0,0,1,1,0,Kathmandu
3,1.312335958,6,1,0.067,4,2.5,0,0,1,0,0,1,0,1,0,Kathmandu
4.666666667,1.312335958,70,0.7,0.093,2.5,4,0,0,1,0,0,0,1,0,0,Bhaktapur
1.25,1.312335958,15,1.5,0.0987,3.997984887,2.48125,0,0,1,0,0,0,1,0,0,Bhaktapur
3,0.984251969,50.03,1,0.0721,3,3.25,0,0,1,0,0,0,1,1,0,Kathmandu
2.5,3.280839895,1.05,3.25,0.0904,10,0.97,1,0,0,0,0,1,0,1,0,Kathmandu
1.416666667,8.530183727,10,0.32,0.0987,0.5,19.25,1,0,0,0,0,0,1,1,0,Kathmandu
1.5,1.312335958,1,2.45,0.0987,4.987012987,1.925,0,0,1,0,0,0,1,1,0,Kathmandu
1.583333333,3.280839895,4,2.1,0.0987,3.746341463,2.5625,1,0,0,0,0,0,1,1,0,Kathmandu
2.083333333,0.984251969,5,1.65,0.0904,3.413333333,2.8125,0,0,1,0,0,0,1,1,0,Kathmandu
1.666666667,3.280839895,10,0.5,0.0987,2.992941177,3.1875,0,0,0,0,1,0,1,0,0,Bhaktapur
2.166666667,1.312335958,3,0.5,0.0904,3.806615776,2.45625,0,0,1,0,0,0,1,1,0,Kathmandu
2.166666667,1.968503937,3,0.6,0.0904,2.496022138,3.61375,0,0,1,0,0,0,1,0,0,Bhaktapur
4.5,3.280839895,5,3,0.093,3.75,2.4,1,0,0,0,0,0,1,1,0,Kathmandu
1.333333333,3.937007874,7,1,0.0987,3,3,1,0,0,0,0,0,1,1,0,Kathmandu
1.583333333,1.640419948,7,0.5,0.0987,3,3,1,0,0,0,0,0,1,0,0,Bhaktapur
1.916666667,1.640419948,7,0.5,0.0987,3,3,1,0,0,0,0,0,1,0,0,Bhaktapur
2.333333333,1.312335958,3,2.75,0.0904,10,0.875,0,0,1,0,0,0,1,1,0,Kathmandu
4.333333333,4.265091864,8,1,0.067,5,1.75,1,0,0,0,0,0,1,0,1,Lalitpur
3.333333333,0.984251969,1.05,2,0.0721,3.5,2.5,0,0,1,0,0,0,1,1,0,Kathmandu
2.333333333,0.984251969,1.05,1.65,0.0904,3.5,2.5,0,0,1,0,0,0,1,1,0,Kathmandu
1.5,5.249343832,10,1,0.0987,2.00028806,4.339375,1,0,0,0,0,0,1,0,0,Bhaktapur
1.333333333,1.312335958,2.5,3,0.0987,3.501772152,2.46875,0,0,1,0,0,0,1,1,0,Kathmandu
4,3.280839895,3,13,0.093,2.5,3.42,1,0,0,0,0,0,1,1,0,Kathmandu
1.583333333,3.280839895,5,2.1,0.0987,3.746666667,2.25,1,0,0,0,0,0,1,1,0,Kathmandu
2.25,2,2,0.25,0.0904,2,4.13,0,0,1,0,0,0,0,0,1,Lalitpur
1.083333333,2.624671916,4,2.1,0.0987,2.75,3,1,0,0,0,0,0,1,1,0,Kathmandu
1.083333333,2.624671916,,1.9,0.0987,3,2.75,1,0,0,0,0,0,1,1,0,Kathmandu
2.166666667,2.624671916,,0.55,0.0904,3,2.75,0,0,1,0,0,0,1,1,0,Kathmandu
1.583333333,9.842519685,,1,0.0987,6.016468436,1.36625,0,1,0,0,0,1,0,1,0,Kathmandu
0.833333333,3.280839895,2,1,0.0831,3,2.7,1,0,0,0,0,0,1,1,0,Kathmandu
2.25,4.304461942,2,1.5,0.0904,2.25,3.585,1,0,0,0,0,0,1,0,0,Bhaktapur
3.083333333,2.624671916,1.05,2.5,0.0721,8,1,1,0,0,0,0,1,0,1,0,Kathmandu
4.5,4.593175853,12,1.5,0.093,8,1,1,0,0,0,0,1,0,1,0,Kathmandu
1.75,6.56167979,2,2.1,0.0987,5.491817399,1.45125,1,0,0,0,0,0,1,1,0,Kathmandu
1,2.624671916,5,0.26,0.0987,3.245859873,2.453125,0,1,0,0,0,0,1,1,0,Kathmandu
2.583333333,3.937007874,15,3,0.0904,3.75,2.12,1,0,0,0,0,0,1,1,0,Kathmandu
2.416666667,2,12,1.5,0.0904,2.5,3.16,1,0,0,0,0,0,0,1,0,Kathmandu
1.416666667,2.624671916,1.5,1.25,0.0987,1.25,6.25,0,0,0,1,0,0,1,0,0,Bhaktapur
1.333333333,3,10,2,0.0987,3.25,2.4,0,0,1,0,0,1,0,1,0,Kathmandu
1,3.280839895,10,1.25,0.0987,3.496027242,2.2025,1,0,0,0,0,0,1,0,0,Bhaktapur
1.416666667,4.593175853,5,1.7,0.0987,1.7,4.5,1,0,0,0,0,0,1,1,0,Kathmandu
2.833333333,2,2,0.625,0.0904,3,2.5,1,0,0,0,0,1,0,0,1,Lalitpur
3.083333333,6.56167979,1.05,6.25,0.0721,2,3.75,1,0,0,0,0,0,1,0,1,Lalitpur
1.25,1.968503937,2,0.45,0.0987,1.999324553,3.70125,0,0,1,0,0,0,1,1,0,Kathmandu
2.25,4.304461942,20,1.5,0.0904,2.25,3.27,1,0,0,0,0,0,1,1,0,Kathmandu
3.833333333,0.984251969,2,1,0.0721,4,1.82,0,0,1,0,0,0,1,1,0,Kathmandu
4,3.280839895,130,3,0.067,7,1,1,0,0,0,0,0,1,0,1,Lalitpur
3.083333333,2.624671916,3,1,0.0721,3.5,2,0,0,1,0,0,0,1,1,0,Kathmandu
2.666666667,0.984251969,3,0.22,0.0904,2,3.5,0,0,1,0,0,0,1,0,0,Bhaktapur
3,0.984251969,10,0.7,0.0721,2.25,3.11,0,0,1,0,0,0,1,0,0,Bhaktapur
1.416666667,3.937007874,1.5,1.2,0.0987,1.501621622,4.625,1,0,0,0,0,0,1,1,0,Kathmandu
1.083333333,0.984251969,0.5,1.1,0.0987,2.002886003,3.465,0,0,1,0,0,0,1,1,0,Kathmandu
2.25,4.304461942,10,1.5,0.0904,2,3.44,1,0,0,0,0,0,1,0,0,Bhaktapur
3.5,1.968503937,10,0.7,0.0721,3,2.25,0,0,1,0,0,0,1,0,0,Bhaktapur
1.583333333,3.280839895,1.5,1.65,0.0987,3,2.25,1,0,0,0,0,0,1,1,0,Kathmandu
3.583333333,1.312335958,30,0.15,0.0721,1.25,5.35,0,0,1,0,0,0,1,0,0,Bhaktapur
4.333333333,4.265091864,8,1,0.067,5,1.25,1,0,0,0,0,0,1,0,1,Lalitpur
2.916666667,0.984251969,5,1.75,0.0904,2.5,2.5,0,0,1,0,0,0,1,1,0,Kathmandu
1.333333333,1.312335958,3,0.6,0.0987,2,3,0,0,1,0,0,0,1,0,0,Bhaktapur
1.916666667,3.280839895,150,0.6,0.0987,1,6,0,0,1,0,0,0,1,0,0,Bhaktapur
2.333333333,1.968503937,10,0.45,0.0904,2,2.95,0,0,1,0,0,0,1,1,0,Kathmandu
2.166666667,2.952755906,1.05,1.8125,0.0904,10,0.5625,1,0,1,0,0,1,0,0,1,Lalitpur
2.166666667,2.952755906,1.05,1.8125,0.0904,10,0.5625,1,0,1,0,0,1,0,0,1,Lalitpur
3.5,1.312335958,10,0.7,0.0721,2.25,2.35,0,0,1,0,0,0,1,0,0,Bhaktapur
1.416666667,5.249343832,1,1,0.0987,1.998086124,2.6125,0,0,1,0,0,0,1,0,0,Bhaktapur
1.583333333,3,7,1.5,0.0987,3.507719453,1.416875,0,0,1,0,0,0,1,1,0,Kathmandu
2.083333333,5.905511811,20,1.55,0.0904,2.243786982,2.1125,1,0,0,0,0,0,1,1,0,Kathmandu
3.166666667,3.767480315,3,11,0.067,15,0.3125,1,0,0,0,0,1,0,1,0,Kathmandu
5.083333333,4.304461942,1.05,9,0.067,2,2.3,0,1,0,0,0,1,0,1,0,Kathmandu
4.166666667,4.265091864,2.5,3.8148,0.067,13,0.34375,1,0,0,0,0,0,1,0,1,Lalitpur
4.833333333,4.593175853,25,2,0.067,2,2.125,1,0,0,0,0,0,1,1,0,Kathmandu
3.166666667,2,10,0.5,0.0721,2,2,0,0,0,0,0,0,0,1,0,Kathmandu
2.166666667,6.56167979,20,0.38,0.0904,0.8,5,1,0,0,0,0,0,1,1,0,Kathmandu
1.25,1.312335958,6,0.78,0.0987,0.99794726,3.958125,0,0,1,0,0,0,1,1,0,Kathmandu
2.666666667,1,10,0.45,0.0904,0.5,7,0,0,1,0,0,0,0,1,0,Kathmandu
1.916666667,6.56167979,10,1.1,0.0987,1.1,3,0,0,1,0,0,0,1,1,0,Kathmandu
2.666666667,7.532808399,20,0.5,0.0904,0.75,4.31,1,0,0,0,0,0,1,1,0,Kathmandu
2.666666667,7.532808399,20,0.5,0.0904,0.75,4.31,1,0,0,0,0,0,1,1,0,Kathmandu
1.916666667,1.312335958,10,0.5,0.0987,0.192441039,14.601875,0,0,1,0,0,0,1,0,0,Bhaktapur
1.416666667,1.312335958,15,0.35,0.0987,0.74857745,2.965625,0,0,1,0,0,0,1,0,0,Bhaktapur
2.166666667,2.952755906,1.05,1.8125,0.0904,10,0.1875,1,0,1,0,0,1,0,0,1,Lalitpur
3.166666667,6.456692913,10,0.07,0.0721,0.47,2.46,1,0,0,0,0,0,1,0,0,Bhaktapur
